{"stats":{"minecraft:picked_up":{"minecraft:crafting_table":1,"byg:soapstone":1,"minecraft:chicken":2,"aoa3:copper_coin":6,"minecraft:string":9,"ars_nouveau:mana_gem":1,"minecraft:cracked_stone_bricks":1,"minecraft:beef":29,"aoa3:raw_charger_shank":1,"quark:root_item":1,"astralsorcery:marble_raw":7,"minecraft:sugar_cane":2,"minecraft:egg":1,"minecraft:stick":11,"minecraft:torch":4,"byg:cattail":1,"minecraft:rotten_flesh":4,"minecraft:diamond_chestplate":1,"ars_nouveau:worn_notebook":1,"minecraft:iron_bars":2,"byg:blue_spruce_sapling":13,"byg:rocky_stone":3,"minecraft:cobblestone":63,"minecraft:enchanting_table":2,"minecraft:feather":3,"minecraft:leather":7,"minecraft:lapis_lazuli":74,"minecraft:dirt":2,"minecraft:glass":4,"minecraft:bone":2,"minecraft:wheat_seeds":2,"minecraft:iron_ore":91,"artifacts:kitty_slippers":1,"tombstone:bag_of_seeds":1,"artifacts:steadfast_spikes":1,"minecraft:book":9,"minecraft:emerald_block":1,"tconstruct:copper_ore":6,"minecraft:sweet_berries":55,"minecraft:red_wool":1,"born_in_chaos_v1:ethereal_spirit":1,"minecraft:sand":26,"astralsorcery:marble_bricks":2,"minecraft:nether_brick_stairs":1,"minecraft:spruce_sapling":7,"minecraft:white_bed":3,"minecraft:spruce_log":43,"minecraft:gold_ore":28,"minecraft:spider_eye":1,"minecraft:crying_obsidian":3,"randomloot:basic_case":1,"quark:cobbled_deepslate":9,"minecraft:skeleton_spawn_egg":2,"aoa3:void_scales":1,"minecraft:diamond":18,"evilcraft:dark_gem":64,"minecraft:coal":76,"ars_nouveau:mana_berry":10},"minecraft:killed":{"vampirism:vampire":1,"born_in_chaos_v1:restless_spirit":2,"minecraft:spider":1,"minecraft:chicken":2,"aoa3:ghost":1,"artifacts:mimic":2,"ars_nouveau:drygmy":1,"aoa3:void_charger":1,"aoa3:cyclops":4,"aoa3:void_walker":1,"born_in_chaos_v1:decrepit_skeleton":2,"minecraft:pillager":2,"minecraft:zombie":6,"ars_nouveau:wilden_stalker":1,"born_in_chaos_v1:zombieswith_door_n":1,"aoa3:goalby":2,"minecraft:cow":13},"minecraft:broken":{"minecraft:stone_pickaxe":1},"minecraft:killed_by":{"born_in_chaos_v1:restless_spirit":2,"minecraft:creeper":1,"minecraft:spider":1,"minecraft:pillager":1,"alexsmobs:grizzly_bear":1,"born_in_chaos_v1:dread_hound":1},"minecraft:mined":{"minecraft:diamond_ore":16,"minecraft:white_bed":3,"byg:cattail":1,"byg:blue_spruce_leaves":265,"minecraft:grass_block":2,"minecraft:spruce_leaves":127,"minecraft:spawner":4,"minecraft:large_fern":1,"minecraft:redstone_ore":1,"minecraft:iron_ore":92,"evilcraft:dark_ore":8,"treechop:chopped_log":26,"minecraft:enchanting_table":1,"minecraft:bookshelf":3,"minecraft:iron_bars":2,"byg:rocky_stone":2,"minecraft:stone":63,"tconstruct:copper_ore":6,"astralsorcery:marble_bricks":2,"minecraft:red_wool":1,"ars_nouveau:mana_berry_bush":1,"minecraft:crafting_table":1,"minecraft:torch":4,"minecraft:tall_grass":1,"minecraft:lapis_ore":11,"minecraft:sugar_cane":2,"minecraft:wall_torch":1,"minecraft:sweet_berry_bush":1,"minecraft:spruce_log":43,"byg:short_grass":1,"quark:deepslate":5,"astralsorcery:marble_raw":10,"minecraft:grass":4,"minecraft:coal_ore":76,"minecraft:sand":26,"minecraft:cracked_stone_bricks":1,"ars_nouveau:arcane_ore":1,"minecraft:gold_ore":28,"minecraft:emerald_block":1,"minecraft:fern":1,"quark:root":1},"minecraft:crafted":{"evilcraft:dark_spike":16,"minecraft:furnace":2,"ironchest:gold_to_diamond_chest_upgrade":1,"minecraft:cooked_mutton":2,"minecraft:glass":0,"evilcraft:blood_extractor":4,"minecraft:stone_pickaxe":1,"minecraft:chest":2,"quark:spruce_chest":2,"minecraft:cooked_beef":16,"ironchest:wood_to_iron_chest_upgrade":2,"minecraft:emerald":11,"enchantinginfuser:enchanting_infuser":1,"minecraft:crafting_table":2,"minecraft:spruce_planks":52,"minecraft:wooden_pickaxe":1,"ironfurnaces:upgrade_iron":1,"minecraft:stone_axe":1,"minecraft:air":0,"ironchest:iron_to_gold_chest_upgrade":1,"minecraft:stick":12,"minecraft:iron_ingot":48,"minecraft:iron_pickaxe":2,"minecraft:stone_sword":1,"minecraft:gold_ingot":28,"minecraft:torch":64},"minecraft:dropped":{"minecraft:wheat_seeds":2,"byg:cattail":1,"evilcraft:blood_extractor":1,"minecraft:iron_pickaxe":1,"minecraft:spruce_sapling":7,"minecraft:sweet_berries":17,"astralsorcery:aquamarine":1,"minecraft:rotten_flesh":1,"minecraft:skeleton_spawn_egg":2},"minecraft:used":{"ironchest:wood_to_iron_chest_upgrade":2,"minecraft:stone_sword":33,"ars_nouveau:mana_berry":11,"minecraft:spruce_planks":8,"minecraft:chest":2,"astralsorcery:marble_bricks":2,"minecraft:torch":66,"minecraft:dirt":2,"minecraft:red_wool":1,"minecraft:sweet_berries":35,"minecraft:furnace":2,"minecraft:cooked_beef":4,"ironchest:gold_to_diamond_chest_upgrade":1,"minecraft:stone_pickaxe":133,"minecraft:wooden_pickaxe":11,"minecraft:cracked_stone_bricks":1,"minecraft:crafting_table":4,"minecraft:white_bed":3,"astralsorcery:marble_raw":7,"tombstone:bag_of_seeds":1,"minecraft:apple":3,"minecraft:iron_pickaxe":189,"ironchest:iron_to_gold_chest_upgrade":1,"minecraft:stone_axe":27,"enchantinginfuser:enchanting_infuser":1,"minecraft:diamond_sword":141,"minecraft:cobblestone":11,"alexsmobs:animal_dictionary":2},"minecraft:custom":{"minecraft:interact_with_anvil":1,"minecraft:mob_kills":46,"minecraft:interact_with_crafting_table":19,"minecraft:open_barrel":2,"minecraft:time_since_death":51685,"minecraft:climb_one_cm":1274,"minecraft:sprint_one_cm":388225,"minecraft:walk_one_cm":367188,"minecraft:drop":12,"minecraft:talked_to_villager":24,"minecraft:deaths":8,"minecraft:sneak_time":2319,"minecraft:walk_under_water_one_cm":1238,"minecraft:interact_with_lectern":7,"minecraft:jump":1405,"minecraft:interact_with_blast_furnace":4,"minecraft:walk_on_water_one_cm":12227,"minecraft:interact_with_furnace":42,"tombstone:raider_killed":2,"minecraft:traded_with_villager":2,"minecraft:play_one_minute":140360,"minecraft:sleep_in_bed":3,"minecraft:time_since_rest":26960,"minecraft:damage_taken":2291,"minecraft:trigger_trapped_chest":1,"minecraft:damage_dealt":9462,"minecraft:swim_one_cm":7063,"minecraft:fly_one_cm":268585,"minecraft:open_chest":117,"minecraft:crouch_one_cm":6410,"tombstone:undead_killed":10,"minecraft:interact_with_smoker":8,"minecraft:fall_one_cm":26084}},"DataVersion":2586}