{"stats":{"minecraft:picked_up":{"byg:soapstone":1,"minecraft:crafting_table":1,"minecraft:feather":3,"aoa3:copper_coin":6,"minecraft:chicken":2,"minecraft:leather":7,"minecraft:lapis_lazuli":74,"minecraft:dirt":2,"minecraft:string":8,"ars_nouveau:mana_gem":1,"minecraft:bone":2,"minecraft:wheat_seeds":2,"artifacts:steadfast_spikes":1,"aoa3:raw_charger_shank":1,"minecraft:beef":29,"artifacts:kitty_slippers":1,"tombstone:bag_of_seeds":1,"minecraft:iron_ore":91,"quark:root_item":1,"astralsorcery:marble_raw":7,"minecraft:sugar_cane":2,"minecraft:egg":1,"minecraft:stick":11,"tconstruct:copper_ore":6,"minecraft:sweet_berries":55,"minecraft:torch":4,"born_in_chaos_v1:ethereal_spirit":1,"minecraft:sand":26,"astralsorcery:marble_bricks":2,"byg:cattail":1,"minecraft:spruce_sapling":7,"minecraft:white_bed":3,"minecraft:spruce_log":43,"minecraft:gold_ore":28,"minecraft:spider_eye":1,"quark:cobbled_deepslate":9,"minecraft:rotten_flesh":3,"aoa3:void_scales":1,"minecraft:diamond":16,"evilcraft:dark_gem":36,"ars_nouveau:worn_notebook":1,"byg:rocky_stone":3,"byg:blue_spruce_sapling":13,"minecraft:coal":76,"minecraft:cobblestone":63,"ars_nouveau:mana_berry":10},"minecraft:killed":{"vampirism:vampire":1,"ars_nouveau:drygmy":1,"born_in_chaos_v1:restless_spirit":2,"aoa3:void_charger":1,"minecraft:spider":1,"aoa3:cyclops":4,"aoa3:void_walker":1,"born_in_chaos_v1:decrepit_skeleton":2,"minecraft:pillager":2,"minecraft:zombie":5,"ars_nouveau:wilden_stalker":1,"minecraft:chicken":2,"aoa3:ghost":1,"born_in_chaos_v1:zombieswith_door_n":1,"artifacts:mimic":2,"minecraft:cow":13,"aoa3:goalby":2},"minecraft:killed_by":{"born_in_chaos_v1:restless_spirit":2,"minecraft:creeper":1,"minecraft:spider":1,"minecraft:pillager":1,"alexsmobs:grizzly_bear":1,"born_in_chaos_v1:dread_hound":1},"minecraft:broken":{"minecraft:stone_pickaxe":1},"minecraft:mined":{"tconstruct:copper_ore":6,"minecraft:diamond_ore":16,"astralsorcery:marble_bricks":2,"minecraft:white_bed":3,"ars_nouveau:mana_berry_bush":1,"byg:cattail":1,"minecraft:crafting_table":1,"minecraft:torch":4,"byg:blue_spruce_leaves":265,"minecraft:grass_block":2,"minecraft:tall_grass":1,"minecraft:spruce_leaves":127,"minecraft:lapis_ore":11,"minecraft:sugar_cane":2,"minecraft:wall_torch":1,"minecraft:spawner":4,"minecraft:large_fern":1,"minecraft:redstone_ore":1,"minecraft:iron_ore":92,"minecraft:sweet_berry_bush":1,"minecraft:spruce_log":43,"byg:short_grass":1,"quark:deepslate":5,"treechop:chopped_log":26,"evilcraft:dark_ore":8,"astralsorcery:marble_raw":10,"minecraft:grass":4,"minecraft:coal_ore":76,"minecraft:sand":26,"byg:rocky_stone":2,"ars_nouveau:arcane_ore":1,"minecraft:stone":63,"minecraft:gold_ore":28,"minecraft:fern":1,"quark:root":1},"minecraft:crafted":{"minecraft:cooked_beef":16,"ironchest:wood_to_iron_chest_upgrade":2,"minecraft:crafting_table":2,"minecraft:spruce_planks":52,"minecraft:wooden_pickaxe":1,"minecraft:furnace":2,"ironfurnaces:upgrade_iron":1,"minecraft:stone_axe":1,"minecraft:air":0,"ironchest:iron_to_gold_chest_upgrade":1,"minecraft:stick":12,"minecraft:iron_ingot":48,"minecraft:iron_pickaxe":2,"minecraft:stone_pickaxe":1,"minecraft:stone_sword":1,"minecraft:chest":2,"minecraft:gold_ingot":15,"quark:spruce_chest":2,"minecraft:torch":64},"minecraft:dropped":{"minecraft:sweet_berries":17,"astralsorcery:aquamarine":1,"minecraft:wheat_seeds":2,"minecraft:rotten_flesh":1,"byg:cattail":1,"minecraft:iron_pickaxe":1,"minecraft:spruce_sapling":7},"minecraft:used":{"ironchest:wood_to_iron_chest_upgrade":2,"minecraft:stone_sword":33,"minecraft:stone_pickaxe":133,"ars_nouveau:mana_berry":11,"minecraft:wooden_pickaxe":11,"minecraft:chest":2,"minecraft:spruce_planks":8,"astralsorcery:marble_bricks":2,"minecraft:torch":66,"minecraft:dirt":2,"minecraft:crafting_table":4,"minecraft:white_bed":3,"astralsorcery:marble_raw":7,"tombstone:bag_of_seeds":1,"minecraft:apple":3,"minecraft:iron_pickaxe":184,"ironchest:iron_to_gold_chest_upgrade":1,"minecraft:stone_axe":24,"minecraft:diamond_sword":138,"minecraft:cobblestone":11,"minecraft:sweet_berries":35,"minecraft:furnace":2,"alexsmobs:animal_dictionary":1,"minecraft:cooked_beef":2},"minecraft:custom":{"minecraft:interact_with_furnace":29,"minecraft:mob_kills":45,"tombstone:raider_killed":2,"minecraft:interact_with_crafting_table":13,"minecraft:open_barrel":2,"minecraft:play_one_minute":104360,"minecraft:time_since_death":15685,"minecraft:sleep_in_bed":2,"minecraft:climb_one_cm":1274,"minecraft:time_since_rest":15469,"minecraft:sprint_one_cm":354965,"minecraft:damage_taken":2229,"minecraft:walk_one_cm":260431,"minecraft:trigger_trapped_chest":1,"minecraft:drop":9,"minecraft:damage_dealt":9261,"minecraft:swim_one_cm":7063,"minecraft:fly_one_cm":253135,"minecraft:talked_to_villager":2,"minecraft:open_chest":70,"minecraft:crouch_one_cm":4043,"tombstone:undead_killed":9,"minecraft:deaths":8,"minecraft:sneak_time":1662,"minecraft:walk_under_water_one_cm":1238,"minecraft:jump":1269,"minecraft:interact_with_blast_furnace":1,"minecraft:walk_on_water_one_cm":12108,"minecraft:interact_with_smoker":6,"minecraft:fall_one_cm":24691}},"DataVersion":2586}