{"stats":{"minecraft:mined":{"astralsorcery:marble_bricks":2,"minecraft:white_bed":3,"minecraft:crafting_table":1,"minecraft:torch":2,"byg:blue_spruce_leaves":265,"minecraft:grass_block":2,"minecraft:tall_grass":1,"minecraft:spruce_leaves":127,"minecraft:sugar_cane":2,"minecraft:wall_torch":1,"minecraft:spawner":2,"minecraft:large_fern":1,"minecraft:iron_ore":9,"minecraft:sweet_berry_bush":1,"minecraft:spruce_log":43,"byg:short_grass":1,"treechop:chopped_log":26,"astralsorcery:marble_raw":10,"minecraft:grass":4,"minecraft:coal_ore":22,"minecraft:stone":29,"minecraft:fern":1},"minecraft:used":{"ironchest:wood_to_iron_chest_upgrade":1,"minecraft:stone_sword":33,"minecraft:stone_pickaxe":65,"minecraft:chest":2,"minecraft:wooden_pickaxe":11,"minecraft:spruce_planks":8,"astralsorcery:marble_bricks":2,"minecraft:torch":12,"minecraft:dirt":2,"minecraft:crafting_table":4,"minecraft:white_bed":3,"astralsorcery:marble_raw":7,"minecraft:stone_axe":24,"minecraft:diamond_sword":73,"minecraft:cobblestone":5,"minecraft:sweet_berries":26,"minecraft:furnace":2,"alexsmobs:animal_dictionary":1,"minecraft:cooked_beef":1},"minecraft:dropped":{"minecraft:sweet_berries":17,"astralsorcery:aquamarine":1,"minecraft:wheat_seeds":2,"minecraft:iron_pickaxe":1,"minecraft:spruce_sapling":7},"minecraft:picked_up":{"minecraft:crafting_table":1,"minecraft:feather":2,"aoa3:copper_coin":3,"minecraft:chicken":2,"minecraft:leather":5,"minecraft:dirt":2,"minecraft:string":8,"minecraft:wheat_seeds":2,"minecraft:beef":23,"minecraft:iron_ore":9,"astralsorcery:marble_raw":7,"minecraft:sugar_cane":2,"minecraft:egg":1,"minecraft:stick":11,"minecraft:sweet_berries":48,"minecraft:torch":3,"born_in_chaos_v1:ethereal_spirit":1,"astralsorcery:marble_bricks":2,"minecraft:spruce_sapling":7,"minecraft:white_bed":3,"minecraft:spruce_log":43,"minecraft:spider_eye":1,"quark:cobbled_deepslate":2,"ars_nouveau:worn_notebook":1,"minecraft:coal":23,"byg:blue_spruce_sapling":13,"minecraft:cobblestone":29},"minecraft:crafted":{"minecraft:cooked_beef":16,"ironchest:wood_to_iron_chest_upgrade":1,"minecraft:crafting_table":2,"minecraft:spruce_planks":52,"minecraft:wooden_pickaxe":1,"minecraft:furnace":2,"minecraft:stone_axe":1,"minecraft:air":0,"minecraft:stick":4,"minecraft:iron_pickaxe":1,"minecraft:stone_pickaxe":1,"minecraft:stone_sword":1,"minecraft:chest":2,"quark:spruce_chest":2,"minecraft:torch":40},"minecraft:killed":{"ars_nouveau:drygmy":1,"born_in_chaos_v1:restless_spirit":1,"minecraft:spider":1,"aoa3:cyclops":3,"born_in_chaos_v1:decrepit_skeleton":1,"minecraft:pillager":2,"minecraft:zombie":1,"ars_nouveau:wilden_stalker":1,"minecraft:chicken":2,"aoa3:ghost":1,"born_in_chaos_v1:zombieswith_door_n":1,"aoa3:goalby":2,"minecraft:cow":10},"minecraft:killed_by":{"born_in_chaos_v1:restless_spirit":2,"minecraft:spider":1,"alexsmobs:grizzly_bear":1,"born_in_chaos_v1:dread_hound":1},"minecraft:custom":{"minecraft:interact_with_furnace":12,"minecraft:mob_kills":30,"tombstone:raider_killed":2,"minecraft:interact_with_crafting_table":9,"minecraft:open_barrel":2,"minecraft:play_one_minute":63496,"minecraft:time_since_death":17314,"minecraft:sleep_in_bed":1,"minecraft:climb_one_cm":1104,"minecraft:time_since_rest":7668,"minecraft:sprint_one_cm":234686,"minecraft:damage_taken":1370,"minecraft:walk_one_cm":155404,"minecraft:drop":7,"minecraft:damage_dealt":5023,"minecraft:talked_to_villager":1,"minecraft:swim_one_cm":2857,"minecraft:fly_one_cm":185514,"minecraft:open_chest":41,"minecraft:crouch_one_cm":1677,"tombstone:undead_killed":4,"minecraft:deaths":6,"minecraft:sneak_time":538,"minecraft:walk_under_water_one_cm":348,"minecraft:jump":860,"minecraft:interact_with_blast_furnace":1,"minecraft:walk_on_water_one_cm":6696,"minecraft:interact_with_smoker":5,"minecraft:fall_one_cm":16433}},"DataVersion":2586}