{"stats":{"minecraft:mined":{"astralsorcery:marble_bricks":2,"minecraft:crafting_table":1,"byg:blue_spruce_leaves":265,"minecraft:grass_block":2,"minecraft:spruce_leaves":127,"minecraft:sugar_cane":2,"minecraft:spawner":1,"minecraft:large_fern":1,"minecraft:iron_ore":9,"minecraft:sweet_berry_bush":1,"minecraft:spruce_log":43,"byg:short_grass":1,"treechop:chopped_log":26,"astralsorcery:marble_raw":10,"minecraft:grass":4,"minecraft:coal_ore":22,"minecraft:stone":29,"minecraft:fern":1},"minecraft:used":{"minecraft:stone_sword":33,"minecraft:stone_pickaxe":62,"minecraft:wooden_pickaxe":11,"minecraft:spruce_planks":8,"astralsorcery:marble_bricks":2,"minecraft:dirt":2,"minecraft:crafting_table":2,"astralsorcery:marble_raw":7,"minecraft:stone_axe":24,"minecraft:diamond_sword":8,"minecraft:cobblestone":5,"minecraft:sweet_berries":6,"alexsmobs:animal_dictionary":1},"minecraft:dropped":{"minecraft:sweet_berries":17,"minecraft:wheat_seeds":2,"minecraft:iron_pickaxe":1,"minecraft:spruce_sapling":7},"minecraft:picked_up":{"minecraft:crafting_table":1,"minecraft:feather":2,"minecraft:chicken":2,"minecraft:leather":3,"minecraft:dirt":2,"minecraft:string":1,"minecraft:wheat_seeds":2,"minecraft:beef":12,"minecraft:iron_ore":9,"astralsorcery:marble_raw":7,"minecraft:sugar_cane":2,"minecraft:egg":1,"minecraft:stick":11,"minecraft:sweet_berries":39,"astralsorcery:marble_bricks":2,"minecraft:spruce_sapling":7,"minecraft:spruce_log":43,"minecraft:spider_eye":1,"ars_nouveau:worn_notebook":1,"minecraft:coal":22,"byg:blue_spruce_sapling":13,"minecraft:cobblestone":29},"minecraft:crafted":{"minecraft:crafting_table":1,"minecraft:spruce_planks":52,"minecraft:wooden_pickaxe":1,"minecraft:furnace":2,"minecraft:stone_axe":1,"minecraft:stick":4,"minecraft:iron_pickaxe":1,"minecraft:stone_pickaxe":1,"minecraft:stone_sword":1},"minecraft:killed":{"ars_nouveau:drygmy":1,"minecraft:spider":1,"aoa3:cyclops":1,"born_in_chaos_v1:decrepit_skeleton":1,"minecraft:pillager":2,"minecraft:chicken":2,"minecraft:cow":5},"minecraft:killed_by":{"minecraft:spider":1,"born_in_chaos_v1:dread_hound":1},"minecraft:custom":{"minecraft:mob_kills":13,"tombstone:raider_killed":2,"minecraft:interact_with_crafting_table":5,"minecraft:open_barrel":2,"minecraft:play_one_minute":27496,"minecraft:time_since_death":5108,"minecraft:climb_one_cm":621,"minecraft:time_since_rest":4866,"minecraft:sprint_one_cm":86230,"minecraft:damage_taken":585,"minecraft:walk_one_cm":58518,"minecraft:drop":6,"minecraft:damage_dealt":1894,"minecraft:swim_one_cm":2857,"minecraft:fly_one_cm":39790,"minecraft:open_chest":9,"minecraft:crouch_one_cm":157,"tombstone:undead_killed":1,"minecraft:deaths":3,"minecraft:sneak_time":136,"minecraft:walk_under_water_one_cm":348,"minecraft:jump":323,"minecraft:interact_with_blast_furnace":1,"minecraft:walk_on_water_one_cm":6609,"minecraft:fall_one_cm":3545}},"DataVersion":2586}