{"stats":{"minecraft:mined":{"minecraft:grass":2,"byg:blue_spruce_leaves":154,"minecraft:spruce_leaves":6,"minecraft:spruce_log":13,"minecraft:stone":9,"treechop:chopped_log":8},"minecraft:used":{"minecraft:crafting_table":1,"alexsmobs:animal_dictionary":1,"minecraft:wooden_pickaxe":9},"minecraft:picked_up":{"minecraft:stick":3,"ars_nouveau:worn_notebook":1,"minecraft:spruce_log":13,"byg:blue_spruce_sapling":11,"minecraft:cobblestone":9},"minecraft:crafted":{"minecraft:stone_sword":1,"minecraft:stone_axe":1,"minecraft:crafting_table":1,"minecraft:spruce_planks":52,"minecraft:stick":4,"minecraft:wooden_pickaxe":1,"minecraft:stone_pickaxe":1},"minecraft:custom":{"minecraft:time_since_rest":3496,"minecraft:play_one_minute":3496,"minecraft:sprint_one_cm":1642,"minecraft:walk_one_cm":3031,"minecraft:time_since_death":3496,"minecraft:interact_with_crafting_table":2}},"DataVersion":2586}