{"stats":{"minecraft:picked_up":{"minecraft:iron_chestplate":1,"minecraft:stick":4,"minecraft:crafting_table":1,"minecraft:chicken":1,"minecraft:feather":3,"aoa3:copper_coin":3,"minecraft:leather":2,"minecraft:dandelion":2,"minecraft:porkchop":16,"minecraft:oak_log":8,"minecraft:white_bed":1,"aoa3:carved_rune_of_travel":1,"minecraft:iron_leggings":1,"iceandfire:lectern":1,"minecraft:iron_helmet":1,"minecraft:beef":1,"aoa3:raw_charger_shank":1,"quark:tallow":14,"minecraft:bread":32,"minecraft:iron_nugget":1,"minecraft:oak_sapling":1,"minecraft:oak_planks":8,"minecraft:coal":11,"minecraft:iron_boots":1,"minecraft:cobblestone":24},"minecraft:mined":{"minecraft:dandelion":2,"minecraft:crafting_table":1,"minecraft:grass":5,"minecraft:coal_ore":10,"minecraft:oak_log":8,"iceandfire:lectern":1,"minecraft:stone":24,"minecraft:oak_planks":8,"minecraft:oak_leaves":8},"minecraft:used":{"minecraft:stone_sword":43,"minecraft:bread":3,"minecraft:stone_pickaxe":26,"minecraft:oak_planks":8,"minecraft:wooden_pickaxe":8,"minecraft:stone_axe":19,"minecraft:crafting_table":1,"minecraft:furnace":2,"minecraft:white_bed":1,"alexsmobs:animal_dictionary":1},"minecraft:crafted":{"minecraft:oak_planks":32,"minecraft:crafting_table":1,"minecraft:stick":8,"minecraft:wooden_pickaxe":1,"minecraft:stone_pickaxe":1,"minecraft:stone_sword":1,"minecraft:furnace":2,"minecraft:stone_axe":1},"minecraft:custom":{"minecraft:time_since_rest":1717,"minecraft:sprint_one_cm":67438,"minecraft:damage_taken":60,"minecraft:walk_one_cm":37544,"minecraft:mob_kills":14,"minecraft:damage_dealt":1690,"minecraft:talked_to_villager":2,"minecraft:interact_with_crafting_table":3,"minecraft:fly_one_cm":57937,"minecraft:crouch_one_cm":20,"minecraft:open_chest":7,"minecraft:play_one_minute":14505,"minecraft:sneak_time":59,"minecraft:jump":238,"minecraft:leave_game":1,"minecraft:time_since_death":14505,"minecraft:sleep_in_bed":1,"minecraft:fall_one_cm":6539},"minecraft:killed":{"minecraft:pig":9,"aoa3:sasquatch":1,"minecraft:chicken":1,"aoa3:charger":1,"aoa3:cyclops":1,"minecraft:cow":1}},"DataVersion":2586}