{"stats":{"minecraft:picked_up":{"minecraft:crafting_table":1,"byg:soapstone":1,"minecraft:chicken":2,"aoa3:copper_coin":19,"evilcraft:dark_power_gem":1,"born_in_chaos_v1:seedof_chaos":2,"usefulbackpacks:backpack_medium":1,"born_in_chaos_v1:black_argillite":34,"minecraft:string":17,"aoa3:jade":1,"ars_nouveau:mana_gem":1,"minecraft:cracked_stone_bricks":1,"usefulbackpacks:backpack_small":1,"minecraft:beef":29,"aoa3:raw_charger_shank":1,"quark:root_item":1,"evilcraft:hardened_blood_shard":36,"astralsorcery:marble_raw":7,"minecraft:sugar_cane":2,"evilcraft:blood_extractor":1,"minecraft:egg":1,"minecraft:stick":11,"minecraft:torch":6,"minecraft:redstone":48,"byg:cattail":1,"minecraft:arrow":5,"minecraft:rotten_flesh":9,"minecraft:diamond_chestplate":2,"aoa3:amethyst":1,"quark:smooth_basalt":8,"minecraft:nether_bricks":2,"ars_nouveau:worn_notebook":1,"minecraft:iron_bars":2,"byg:blue_spruce_sapling":13,"byg:rocky_stone":3,"minecraft:white_wool":4,"minecraft:cobblestone":190,"evilcraft:vengeance_pickaxe":1,"minecraft:enchanting_table":2,"minecraft:feather":3,"minecraft:leather":10,"minecraft:flint":1,"randomloot:pickaxe":1,"aoa3:amethyst_sword":1,"minecraft:lapis_lazuli":259,"minecraft:dirt":12,"quark:forgotten_hat":1,"minecraft:glass":4,"minecraft:bone":6,"minecraft:wheat_seeds":2,"randomloot:shovel":2,"minecraft:iron_ingot":38,"aoa3:tea_seeds":1,"minecraft:iron_ore":99,"artifacts:kitty_slippers":1,"tombstone:bag_of_seeds":1,"minecraft:diamond_helmet":1,"artifacts:steadfast_spikes":1,"ironfurnaces:iron_furnace":1,"minecraft:book":9,"randomloot:golden_case":1,"evilcraft:undead_log":11,"minecraft:emerald_block":1,"tconstruct:copper_ore":6,"minecraft:sweet_berries":55,"minecraft:red_wool":1,"born_in_chaos_v1:ethereal_spirit":2,"minecraft:gravel":9,"minecraft:sand":26,"astralsorcery:marble_bricks":2,"usefulbackpacks:backpack_large":1,"minecraft:nether_brick_stairs":1,"minecraft:spruce_sapling":7,"minecraft:dead_bush":1,"minecraft:white_bed":3,"minecraft:spruce_log":43,"minecraft:gold_ore":38,"minecraft:spider_eye":1,"minecraft:crying_obsidian":3,"evilcraft:dark_tank":2,"randomloot:basic_case":1,"quark:cobbled_deepslate":202,"minecraft:skeleton_spawn_egg":2,"aoa3:void_scales":1,"minecraft:diamond":28,"evilcraft:dark_gem":70,"minecraft:diamond_axe":1,"minecraft:golden_apple":4,"evilcraft:blood_infuser":1,"randomloot:titan_case":1,"minecraft:coal":139,"ars_nouveau:mana_berry":35},"minecraft:killed":{"vampirism:vampire":1,"born_in_chaos_v1:restless_spirit":2,"minecraft:spider":1,"quark:forgotten":1,"minecraft:skeleton":1,"aoa3:shade":1,"minecraft:bee":8,"minecraft:chicken":2,"aoa3:ghost":2,"artifacts:mimic":2,"aoa3:trickster_clone":2,"alexsmobs:grizzly_bear":1,"ars_nouveau:drygmy":1,"aoa3:void_charger":1,"aoa3:cyclops":6,"aoa3:void_walker":1,"born_in_chaos_v1:decrepit_skeleton":2,"aoa3:bugeye":3,"minecraft:pillager":2,"aoa3:shadow":1,"minecraft:zombie":11,"ars_nouveau:wilden_stalker":1,"born_in_chaos_v1:zombieswith_door_n":1,"aoa3:goalby":2,"minecraft:cow":13},"minecraft:broken":{"minecraft:stone_pickaxe":1},"minecraft:killed_by":{"born_in_chaos_v1:restless_spirit":2,"minecraft:creeper":1,"minecraft:spider":1,"minecraft:pillager":1,"quark:forgotten":1,"alexsmobs:grizzly_bear":1,"born_in_chaos_v1:dread_hound":1},"minecraft:mined":{"minecraft:diamond_ore":19,"minecraft:white_bed":3,"evilcraft:dark_tank":1,"evilcraft:undead_leaves":55,"born_in_chaos_v1:infected_diamond_ore":1,"byg:cattail":1,"minecraft:nether_bricks":2,"byg:blue_spruce_leaves":265,"minecraft:grass_block":12,"born_in_chaos_v1:black_argillite":33,"minecraft:spruce_leaves":127,"minecraft:spawner":5,"minecraft:large_fern":1,"minecraft:redstone_ore":15,"minecraft:iron_ore":98,"evilcraft:dark_ore":9,"treechop:chopped_log":33,"quark:smooth_basalt":11,"minecraft:enchanting_table":1,"minecraft:bookshelf":3,"minecraft:iron_bars":2,"byg:rocky_stone":2,"minecraft:stone":262,"tconstruct:copper_ore":6,"astralsorcery:marble_bricks":2,"minecraft:red_wool":1,"ars_nouveau:mana_berry_bush":1,"ironfurnaces:iron_furnace":1,"minecraft:crafting_table":1,"minecraft:torch":4,"evilcraft:blood_infuser":1,"quark:stone_speleothem":1,"minecraft:tall_grass":1,"minecraft:lapis_ore":21,"minecraft:sugar_cane":2,"minecraft:wall_torch":1,"minecraft:sweet_berry_bush":1,"minecraft:spruce_log":43,"byg:short_grass":1,"quark:deepslate":228,"astralsorcery:marble_raw":10,"minecraft:grass":8,"minecraft:coal_ore":108,"evilcraft:undead_log":11,"aoa3:jade_ore":3,"minecraft:gravel":9,"minecraft:sand":26,"minecraft:cracked_stone_bricks":1,"ars_nouveau:arcane_ore":1,"minecraft:gold_ore":38,"evilcraft:hardened_blood":7,"minecraft:emerald_block":1,"minecraft:fern":1,"quark:root":1},"minecraft:crafted":{"evilcraft:dark_spike":16,"minecraft:coal":225,"ironfurnaces:gold_furnace":1,"evilcraft:blood_chest":1,"minecraft:furnace":2,"minecraft:bone_meal":6,"ironchest:gold_to_diamond_chest_upgrade":1,"minecraft:cooked_mutton":2,"minecraft:flint_and_steel":1,"evilcraft:dark_block":1,"minecraft:glass":0,"evilcraft:blood_extractor":4,"minecraft:dead_bush":1,"minecraft:stone_pickaxe":1,"evilcraft:dark_stick":4,"minecraft:chest":2,"quark:spruce_chest":2,"minecraft:cooked_beef":16,"evilcraft:undead_planks":44,"ironchest:wood_to_iron_chest_upgrade":2,"minecraft:emerald":11,"enchantinginfuser:enchanting_infuser":1,"evilcraft:blood_infusion_core":3,"minecraft:crafting_table":2,"minecraft:spruce_planks":52,"minecraft:wooden_pickaxe":1,"ironfurnaces:upgrade_iron":1,"minecraft:gold_block":1,"minecraft:stone_axe":1,"minecraft:air":0,"evilcraft:purifier":1,"ironchest:iron_to_gold_chest_upgrade":1,"evilcraft:blood_infuser":1,"minecraft:stick":12,"minecraft:iron_ingot":48,"minecraft:iron_pickaxe":2,"minecraft:stone_sword":1,"minecraft:gold_ingot":28,"evilcraft:vengeance_pickaxe":2,"minecraft:torch":64,"minecraft:shears":1},"minecraft:dropped":{"minecraft:wheat_seeds":2,"minecraft:leather":3,"evilcraft:dark_gem":7,"evilcraft:vengeance_pickaxe":2,"byg:cattail":1,"evilcraft:blood_extractor":1,"usefulbackpacks:backpack_small":1,"minecraft:iron_pickaxe":1,"minecraft:white_wool":4,"minecraft:spruce_sapling":7,"usefulbackpacks:backpack_large":1,"minecraft:sweet_berries":17,"astralsorcery:aquamarine":1,"minecraft:rotten_flesh":1,"minecraft:skeleton_spawn_egg":2,"randomloot:pickaxe":2,"randomloot:shovel":2},"minecraft:used":{"ironchest:wood_to_iron_chest_upgrade":2,"ironfurnaces:gold_furnace":1,"minecraft:stone_sword":33,"quark:cobbled_deepslate":1,"evilcraft:blood_chest":1,"ars_nouveau:mana_berry":36,"evilcraft:vengeance_pickaxe":33,"minecraft:spruce_planks":8,"minecraft:chest":2,"randomloot:shovel":10,"astralsorcery:marble_bricks":2,"evilcraft:purifier":1,"minecraft:torch":66,"minecraft:dirt":2,"randomloot:sword":97,"aoa3:amethyst_sword":7,"minecraft:red_wool":1,"minecraft:sweet_berries":35,"minecraft:furnace":2,"minecraft:cooked_beef":9,"ironchest:gold_to_diamond_chest_upgrade":1,"minecraft:stone_pickaxe":133,"evilcraft:blood_infuser":2,"minecraft:wooden_pickaxe":11,"minecraft:cracked_stone_bricks":1,"randomloot:pickaxe":27,"minecraft:golden_apple":2,"evilcraft:undead_sapling":1,"minecraft:crafting_table":4,"minecraft:white_bed":3,"astralsorcery:marble_raw":7,"tombstone:bag_of_seeds":1,"minecraft:apple":3,"minecraft:iron_pickaxe":195,"minecraft:gravel":9,"ironchest:iron_to_gold_chest_upgrade":1,"minecraft:stone_axe":36,"enchantinginfuser:enchanting_infuser":1,"minecraft:diamond_sword":141,"minecraft:cobblestone":15,"evilcraft:dark_tank":2,"alexsmobs:animal_dictionary":2,"minecraft:bone_meal":2},"minecraft:custom":{"minecraft:interact_with_anvil":2,"minecraft:mob_kills":73,"minecraft:interact_with_crafting_table":30,"minecraft:open_barrel":2,"minecraft:leave_game":1,"minecraft:time_since_death":6811,"minecraft:climb_one_cm":1274,"minecraft:sprint_one_cm":530004,"minecraft:walk_one_cm":510105,"minecraft:drop":29,"minecraft:talked_to_villager":24,"minecraft:deaths":9,"minecraft:sneak_time":3508,"minecraft:walk_under_water_one_cm":4472,"minecraft:interact_with_lectern":7,"minecraft:jump":1770,"minecraft:interact_with_blast_furnace":5,"minecraft:walk_on_water_one_cm":13792,"minecraft:interact_with_furnace":54,"tombstone:raider_killed":2,"minecraft:traded_with_villager":2,"minecraft:play_one_minute":203096,"minecraft:sleep_in_bed":3,"minecraft:time_since_rest":6603,"minecraft:damage_taken":3510,"minecraft:damage_absorbed":40,"minecraft:trigger_trapped_chest":1,"minecraft:damage_dealt":15970,"minecraft:player_kills":1,"minecraft:swim_one_cm":13129,"minecraft:fly_one_cm":321889,"minecraft:open_chest":168,"minecraft:crouch_one_cm":9003,"tombstone:undead_killed":20,"minecraft:interact_with_smoker":8,"minecraft:fall_one_cm":31819}},"DataVersion":2586}