{"stats":{"minecraft:mined":{"minecraft:large_fern":1,"minecraft:iron_ore":9,"byg:short_grass":1,"minecraft:spruce_log":43,"treechop:chopped_log":26,"minecraft:crafting_table":1,"minecraft:grass":4,"byg:blue_spruce_leaves":265,"minecraft:grass_block":2,"minecraft:coal_ore":22,"minecraft:spruce_leaves":127,"minecraft:stone":29,"minecraft:sugar_cane":2,"minecraft:fern":1},"minecraft:used":{"minecraft:stone_sword":15,"minecraft:stone_pickaxe":49,"minecraft:wooden_pickaxe":11,"minecraft:stone_axe":24,"minecraft:cobblestone":1,"minecraft:sweet_berries":1,"minecraft:crafting_table":1,"alexsmobs:animal_dictionary":1},"minecraft:picked_up":{"minecraft:stick":11,"minecraft:crafting_table":1,"minecraft:sweet_berries":39,"minecraft:leather":1,"minecraft:spruce_sapling":7,"minecraft:spruce_log":43,"minecraft:dirt":2,"minecraft:wheat_seeds":1,"ars_nouveau:worn_notebook":1,"minecraft:beef":8,"minecraft:iron_ore":9,"minecraft:sugar_cane":2,"byg:blue_spruce_sapling":13,"minecraft:coal":22,"minecraft:cobblestone":29},"minecraft:crafted":{"minecraft:crafting_table":1,"minecraft:spruce_planks":52,"minecraft:stick":4,"minecraft:wooden_pickaxe":1,"minecraft:stone_pickaxe":1,"minecraft:stone_sword":1,"minecraft:furnace":2,"minecraft:stone_axe":1},"minecraft:killed":{"ars_nouveau:drygmy":1,"aoa3:cyclops":1,"minecraft:cow":3},"minecraft:killed_by":{"born_in_chaos_v1:dread_hound":1},"minecraft:custom":{"minecraft:time_since_rest":3973,"minecraft:sprint_one_cm":43942,"minecraft:damage_taken":195,"minecraft:walk_one_cm":30809,"minecraft:mob_kills":5,"minecraft:damage_dealt":604,"minecraft:swim_one_cm":2857,"minecraft:interact_with_crafting_table":4,"minecraft:fly_one_cm":21988,"minecraft:play_one_minute":15496,"minecraft:deaths":1,"minecraft:sneak_time":3,"minecraft:walk_under_water_one_cm":348,"minecraft:jump":152,"minecraft:walk_on_water_one_cm":889,"minecraft:time_since_death":4445,"minecraft:fall_one_cm":1800}},"DataVersion":2586}