{"stats":{"minecraft:killed":{"vampirism:vampire":2,"minecraft:cave_spider":2,"minecraft:witch":3,"aoa3:charger":3,"iceandfire:gorgon":1,"minecraft:spider":3,"minecraft:skeleton":37,"vampirism:blinding_bat":2,"aoa3:horndron":1,"aoa3:sasquatch":1,"minecraft:chicken":2,"minecraft:silverfish":2,"minecraft:parrot":4,"minecraft:pig":9,"aoa3:cyclops":7,"minecraft:creeper":1,"minecraft:zombie":38,"aoa3:goblin":2,"minecraft:stray":3,"minecraft:enderman":1,"minecraft:cow":1},"minecraft:picked_up":{"minecraft:crafting_table":1,"minecraft:iron_chestplate":1,"aoa3:copper_coin":27,"minecraft:chicken":2,"aoa3:blank_realmstone":1,"minecraft:clay_ball":12,"minecraft:potion":1,"aoa3:carved_rune_of_space":1,"minecraft:wither_rose":1,"minecraft:gold_block":1,"minecraft:enchanted_book":4,"aoa3:limonite_ore":9,"aoa3:carved_rune_of_direction":1,"minecraft:brewing_stand":1,"minecraft:brick":1,"minecraft:string":4,"evilcraft:ender_tear":1,"minecraft:cooked_salmon":2,"minecraft:iron_leggings":1,"aoa3:jade":2,"minecraft:cracked_stone_bricks":2,"minecraft:spruce_planks":3,"aoa3:raw_charger_shank":3,"minecraft:beef":1,"minecraft:rose_bush":4,"minecraft:redstone_torch":3,"minecraft:iron_nugget":2,"quark:root_item":2,"minecraft:sugar_cane":32,"minecraft:furnace":2,"minecraft:iron_boots":2,"minecraft:egg":3,"minecraft:stick":23,"evilcraft:origins_of_darkness":1,"minecraft:torch":3,"minecraft:bowl":2,"minecraft:spruce_stairs":2,"iceandfire:silver_ore":5,"minecraft:porkchop":16,"tombstone:grave_dust":12,"minecraft:carrot":1,"aoa3:carved_rune_of_travel":1,"minecraft:redstone":15,"minecraft:dark_oak_planks":1,"byg:pine_sapling":1,"minecraft:arrow":64,"minecraft:rotten_flesh":20,"aoa3:amethyst":10,"minecraft:jungle_stairs":1,"minecraft:nether_bricks":1,"tconstruct:part_chest":1,"minecraft:white_wool":3,"minecraft:skeleton_skull":1,"minecraft:mutton":1,"minecraft:iron_bars":8,"quark:marble":1,"byg:rocky_stone":6,"minecraft:bone_block":21,"minecraft:cobblestone":76,"byg:red_maple_sapling":2,"vampirism:vampire_blood_bottle":1,"minecraft:feather":16,"minecraft:salmon":1,"tconstruct:part_builder":1,"minecraft:leather":2,"minecraft:filled_map":1,"aoa3:deeplands_realmstone":1,"minecraft:oak_log":63,"byg:white_anemone":2,"minecraft:gunpowder":1,"minecraft:cobblestone_stairs":1,"minecraft:lapis_lazuli":25,"minecraft:paper":2,"minecraft:dirt":34,"minecraft:white_banner":3,"tombstone:gift":1,"minecraft:cooked_mutton":1,"minecraft:bone":36,"minecraft:apple":3,"minecraft:stone_bricks":1,"minecraft:bow":1,"byg:red_oak_sapling":6,"minecraft:wheat_seeds":4,"quark:tallow":14,"minecraft:iron_ore":77,"tombstone:bag_of_seeds":1,"minecraft:glowstone_dust":1,"minecraft:glass_bottle":2,"minecraft:oak_planks":10,"minecraft:book":24,"endrem:witch_pupil":4,"spartanweaponry:arrow_iron_tipped":1,"minecraft:pumpkin":3,"minecraft:sweet_berries":1,"minecraft:stone_brick_slab":1,"minecraft:dandelion":2,"aoa3:scrap_metal":1,"minecraft:gravel":1,"minecraft:sand":10,"randomloot:sword":1,"minecraft:mossy_stone_brick_slab":2,"minecraft:spider_eye":4,"minecraft:spruce_sapling":14,"minecraft:ink_sac":1,"minecraft:grass_block":1,"minecraft:white_bed":1,"minecraft:spruce_log":21,"minecraft:gold_ore":20,"minecraft:crying_obsidian":2,"randomloot:basic_case":4,"quark:cobbled_deepslate":1,"spartanweaponry:arrow_explosive":1,"minecraft:sugar":2,"minecraft:diamond":15,"iceandfire:lectern":1,"evilcraft:dark_gem":45,"minecraft:iron_helmet":1,"minecraft:golden_apple":1,"randomloot:titan_case":1,"minecraft:chainmail_helmet":2,"minecraft:bread":32,"minecraft:black_wool":6,"aoa3:rosite_ore":21,"minecraft:oak_sapling":17,"tombstone:magic_scroll":1,"minecraft:coal":61,"minecraft:diamond_pickaxe":1},"minecraft:mined":{"minecraft:dark_oak_planks":1,"minecraft:diamond_ore":15,"minecraft:spruce_planks":2,"iceandfire:silver_ore":5,"minecraft:cobblestone_stairs":1,"minecraft:brewing_stand":1,"minecraft:nether_bricks":3,"minecraft:grass_block":2,"iceandfire:lectern":1,"minecraft:redstone_wire":1,"minecraft:spruce_leaves":238,"tconstruct:part_chest":1,"minecraft:spawner":17,"minecraft:redstone_ore":2,"byg:red_oak_leaves":171,"minecraft:iron_ore":76,"aoa3:amethyst_ore":10,"treechop:chopped_log":34,"evilcraft:dark_ore":10,"minecraft:bookshelf":8,"minecraft:vine":1,"minecraft:iron_bars":9,"byg:rocky_stone":5,"minecraft:stone":70,"byg:tall_prairie_grass":1,"minecraft:white_wool":1,"minecraft:redstone_wall_torch":1,"tconstruct:part_builder":1,"minecraft:dandelion":2,"minecraft:crafting_table":1,"minecraft:clay":2,"minecraft:torch":1,"minecraft:rose_bush":3,"minecraft:tall_grass":2,"minecraft:cobblestone":3,"minecraft:lapis_ore":4,"minecraft:oak_planks":8,"aoa3:limonite_ore":9,"minecraft:redstone_torch":2,"quark:marble":1,"minecraft:spruce_log":21,"quark:deepslate":3,"minecraft:black_wool":6,"minecraft:grass":10,"minecraft:oak_log":60,"minecraft:coal_ore":40,"aoa3:rosite_ore":21,"aoa3:jade_ore":2,"minecraft:gravel":2,"minecraft:sand":11,"minecraft:dirt":1,"minecraft:cracked_stone_bricks":2,"minecraft:red_mushroom_block":3,"minecraft:stone_bricks":1,"minecraft:gold_ore":20,"minecraft:oak_leaves":322,"quark:blue_crystal_cluster":1,"quark:root":1},"minecraft:used":{"ironchest:wood_to_iron_chest_upgrade":2,"minecraft:stone_sword":121,"minecraft:redstone":1,"minecraft:shield":12,"aoa3:rosite_sword":407,"minecraft:torch":86,"minecraft:dark_oak_planks":1,"tconstruct:tinker_station":1,"minecraft:barrel":1,"minecraft:furnace":2,"tombstone:gift":3,"randomloot:axe":1,"tconstruct:part_builder":2,"minecraft:cobblestone_stairs":1,"ironchest:gold_to_diamond_chest_upgrade":1,"minecraft:stone_pickaxe":26,"minecraft:oak_planks":13,"minecraft:wooden_pickaxe":8,"minecraft:white_wool":1,"minecraft:golden_apple":6,"minecraft:crafting_table":2,"minecraft:white_bed":1,"minecraft:oak_log":1,"minecraft:redstone_torch":3,"tombstone:bag_of_seeds":1,"randomloot:rl_bow":32,"minecraft:black_wool":6,"minecraft:diamond_pickaxe":87,"minecraft:apple":2,"minecraft:bread":39,"minecraft:iron_pickaxe":214,"tconstruct:part_chest":2,"tombstone:grave_key":1,"ironchest:iron_to_gold_chest_upgrade":2,"minecraft:stone_axe":80,"minecraft:cobblestone":8,"tconstruct:crafting_station":1,"alexsmobs:animal_dictionary":1},"minecraft:crafted":{"evilcraft:dark_spike":16,"tconstruct:pattern":6,"minecraft:oak_planks":56,"tconstruct:part_builder":1,"tconstruct:puny_smelting":1,"minecraft:furnace":2,"aoa3:rosite_sword":1,"ironchest:gold_to_diamond_chest_upgrade":1,"aoa3:rosite_ingot":0,"tconstruct:tinker_station":1,"minecraft:glass":0,"minecraft:iron_boots":1,"evilcraft:blood_extractor":4,"minecraft:stone_pickaxe":1,"minecraft:chest":1,"ironchest:wood_to_iron_chest_upgrade":2,"minecraft:cooked_porkchop":0,"minecraft:crafting_table":2,"minecraft:spruce_planks":80,"tconstruct:part_chest":1,"minecraft:wooden_pickaxe":1,"aoa3:ancient_rock":36,"minecraft:stone_axe":1,"minecraft:air":0,"ironchest:iron_to_gold_chest_upgrade":2,"minecraft:golden_apple":1,"tconstruct:crafting_station":1,"minecraft:stick":16,"quark:oak_chest":1,"minecraft:iron_ingot":0,"minecraft:stone_sword":1,"minecraft:gold_ingot":0,"minecraft:redstone_torch":1,"minecraft:torch":80,"tconstruct:grout":2},"minecraft:dropped":{"aoa3:deeplands_realmstone":1,"minecraft:string":1,"minecraft:bowl":1,"minecraft:glowstone_dust":1,"aoa3:blank_realmstone":1,"minecraft:filled_map":1,"minecraft:arrow":29,"randomloot:sword":1},"minecraft:killed_by":{"minecraft:player":2,"aoa3:goblin":1},"minecraft:custom":{"minecraft:mob_kills":121,"minecraft:interact_with_crafting_table":22,"minecraft:open_barrel":23,"minecraft:leave_game":2,"minecraft:time_since_death":45258,"minecraft:climb_one_cm":9491,"minecraft:sprint_one_cm":625874,"minecraft:walk_one_cm":511883,"minecraft:damage_blocked_by_shield":830,"minecraft:drop":8,"minecraft:talked_to_villager":3,"minecraft:deaths":3,"minecraft:sneak_time":6065,"minecraft:walk_under_water_one_cm":31036,"minecraft:jump":1810,"minecraft:walk_on_water_one_cm":26786,"minecraft:interact_with_furnace":44,"tombstone:raider_killed":3,"minecraft:traded_with_villager":3,"minecraft:interact_with_cartography_table":1,"minecraft:play_one_minute":186752,"minecraft:sleep_in_bed":6,"minecraft:time_since_rest":44996,"minecraft:damage_taken":2147483647,"minecraft:damage_absorbed":82,"minecraft:trigger_trapped_chest":4,"minecraft:damage_dealt":26375,"minecraft:swim_one_cm":37880,"minecraft:fly_one_cm":394902,"minecraft:open_chest":208,"minecraft:crouch_one_cm":16474,"tombstone:undead_killed":79,"minecraft:interact_with_smoker":2,"minecraft:fall_one_cm":46730}},"DataVersion":2586}