{"stats":{"minecraft:used":{"minecraft:beetroot":5,"minecraft:dirt":1,"minecraft:golden_carrot":1,"alexsmobs:animal_dictionary":1},"minecraft:picked_up":{"minecraft:wheat":35,"minecraft:wheat_seeds":75,"minecraft:acacia_log":6,"minecraft:acacia_sapling":1,"minecraft:dirt":1},"minecraft:mined":{"minecraft:grass":3,"minecraft:grass_block":1,"minecraft:tall_grass":2,"treechop:chopped_log":2},"minecraft:custom":{"minecraft:time_since_rest":7802,"minecraft:open_chest":4,"minecraft:crouch_one_cm":3,"minecraft:play_time":7802,"minecraft:sprint_one_cm":44520,"minecraft:damage_taken":10,"minecraft:walk_one_cm":19048,"minecraft:sneak_time":69,"minecraft:jump":247,"minecraft:leave_game":1,"minecraft:time_since_death":7802,"minecraft:total_world_time":7802,"minecraft:fall_one_cm":6119,"minecraft:fly_one_cm":58836}},"DataVersion":3465}