{"stats":{"minecraft:crafted":{"minecraft:crafting_table":1,"minecraft:stick":8,"minecraft:wooden_pickaxe":1,"minecraft:stone_pickaxe":1,"minecraft:stone_sword":1,"minecraft:torch":4,"minecraft:birch_planks":36,"minecraft:stone_axe":1},"minecraft:dropped":{"minecraft:stone_sword":1},"minecraft:used":{"minecraft:stone_sword":34,"minecraft:bread":4,"minecraft:stone_pickaxe":11,"minecraft:birch_sapling":1,"minecraft:shield":4,"minecraft:wooden_pickaxe":8,"minecraft:stone_axe":3,"minecraft:torch":2,"minecraft:crafting_table":1},"minecraft:killed":{"minecraft:skeleton":1,"minecraft:sheep":4,"minecraft:spider":1},"minecraft:picked_up":{"minecraft:birch_log":9,"minecraft:raw_iron":2,"minecraft:stick":1,"minecraft:crafting_table":1,"minecraft:torch":1,"minecraft:dirt":2,"minecraft:stone_sword":1,"minecraft:bone":2,"minecraft:arrow":2,"minecraft:rotten_flesh":2,"modern_industrialization:raw_nickel":4,"minecraft:apple":1,"minecraft:oak_sapling":1,"minecraft:mutton":6,"minecraft:birch_sapling":3,"minecraft:coal":1,"minecraft:white_wool":4,"minecraft:cobblestone":12},"minecraft:mined":{"minecraft:iron_ore":2,"treechop:chopped_log":1,"minecraft:crafting_table":1,"minecraft:grass":5,"minecraft:grass_block":2,"minecraft:coal_ore":1,"modern_industrialization:nickel_ore":4,"minecraft:stone":12},"minecraft:custom":{"minecraft:time_since_rest":13546,"minecraft:sprint_one_cm":47774,"minecraft:damage_taken":268,"minecraft:walk_one_cm":29809,"minecraft:damage_blocked_by_shield":125,"minecraft:mob_kills":6,"minecraft:drop":1,"minecraft:damage_dealt":1113,"minecraft:interact_with_crafting_table":2,"minecraft:fly_one_cm":17355,"minecraft:crouch_one_cm":195,"minecraft:play_time":13546,"minecraft:sneak_time":96,"minecraft:damage_dealt_resisted":0,"minecraft:jump":115,"minecraft:walk_on_water_one_cm":680,"minecraft:time_since_death":13546,"minecraft:total_world_time":13546,"minecraft:hex":0,"minecraft:fall_one_cm":1440}},"DataVersion":3465}