{"stats":{"minecraft:crafted":{"minecraft:oak_planks":12,"minecraft:crafting_table":1,"minecraft:spruce_planks":16,"minecraft:stick":8,"minecraft:wooden_pickaxe":1,"minecraft:stone_pickaxe":1,"minecraft:stone_axe":1},"minecraft:dropped":{"bewitchment:aconite_seeds":1},"minecraft:used":{"minecraft:stone_sword":17,"minecraft:stone_pickaxe":9,"minecraft:wooden_pickaxe":3,"minecraft:stone_axe":24,"fishofthieves:earthworms":3,"minecraft:crafting_table":2},"minecraft:killed":{"minecraft:skeleton":2,"minecraft:zombie":2,"naturalist:robin":1},"minecraft:picked_up":{"minecraft:birch_log":10,"minecraft:stick":7,"minecraft:crafting_table":2,"minecraft:feather":1,"minecraft:oak_log":11,"minecraft:spruce_log":4,"bewitchment:aconite_seeds":1,"minecraft:dirt":39,"minecraft:moss_carpet":2,"regions_unexplored:purple_coneflower":6,"minecraft:bone":1,"regions_unexplored:maple_sapling":1,"minecraft:wheat_seeds":3,"regions_unexplored:maple_log":4,"fishofthieves:earthworms":3,"minecraft:oak_sapling":2,"twigs:twig":7,"minecraft:birch_sapling":3,"minecraft:cobblestone":12},"minecraft:mined":{"minecraft:birch_log":1,"treechop:chopped_log":5,"minecraft:crafting_table":2,"minecraft:grass":3,"minecraft:oak_log":1,"regions_unexplored:medium_grass":4,"minecraft:tall_grass":3,"minecraft:cobblestone":2,"minecraft:stone":10,"minecraft:oak_leaves":4},"minecraft:custom":{"minecraft:time_since_rest":14422,"minecraft:sprint_one_cm":22411,"minecraft:damage_taken":163,"minecraft:walk_one_cm":20602,"minecraft:mob_kills":5,"minecraft:drop":1,"minecraft:damage_dealt":546,"minecraft:swim_one_cm":2352,"minecraft:interact_with_crafting_table":4,"minecraft:fly_one_cm":35241,"minecraft:play_time":14422,"minecraft:sneak_time":5,"minecraft:walk_under_water_one_cm":1031,"minecraft:jump":190,"minecraft:walk_on_water_one_cm":1325,"minecraft:time_since_death":14422,"minecraft:total_world_time":14422,"minecraft:hex":0,"minecraft:fall_one_cm":4407}},"DataVersion":3465}