{"stats":{"minecraft:mined":{"minecraft:diamond_ore":13,"minecraft:crafting_table":2,"byg:blue_spruce_leaves":171,"minecraft:blast_furnace":1,"minecraft:grass_block":1,"minecraft:spruce_leaves":198,"minecraft:wall_torch":1,"minecraft:spawner":2,"minecraft:iron_ore":8,"minecraft:sweet_berry_bush":12,"minecraft:spruce_log":35,"treechop:chopped_log":20,"quark:deepslate":3,"minecraft:grass":5,"minecraft:vine":2,"minecraft:coal_ore":27,"quark:monster_box":1,"vampirism:fire_place":1,"minecraft:stone":18,"minecraft:gold_ore":5},"minecraft:used":{"minecraft:water_bucket":6,"minecraft:stone_sword":56,"minecraft:stone_pickaxe":39,"ars_nouveau:mana_berry":4,"minecraft:wooden_pickaxe":3,"minecraft:torch":18,"minecraft:crafting_table":2,"minecraft:iron_pickaxe":41,"minecraft:stone_axe":16,"minecraft:sweet_berries":20,"minecraft:bucket":7,"tombstone:gift":2},"minecraft:dropped":{"minecraft:wheat_seeds":1,"alexsmobs:animal_dictionary":1,"tombstone:gift":1,"minecraft:dirt":1,"ars_nouveau:worn_notebook":1,"tconstruct:materials_and_you":1,"quark:cobbled_deepslate":2,"astralsorcery:tome":1,"minecraft:stone_pickaxe":1,"minecraft:wooden_pickaxe":1},"minecraft:picked_up":{"minecraft:crafting_table":2,"minecraft:wooden_pickaxe":1,"minecraft:enchanted_book":1,"minecraft:dirt":1,"tombstone:gift":1,"minecraft:bone":2,"minecraft:wheat_seeds":1,"minecraft:iron_ore":8,"minecraft:iron_pickaxe":1,"minecraft:stick":5,"minecraft:sweet_berries":33,"vampirism:fire_place":1,"minecraft:torch":21,"minecraft:porkchop":5,"minecraft:spruce_sapling":13,"tombstone:grave_dust":1,"minecraft:blast_furnace":1,"minecraft:spruce_log":35,"minecraft:gold_ore":5,"quark:cobbled_deepslate":2,"minecraft:rotten_flesh":4,"minecraft:diamond":13,"ars_nouveau:worn_notebook":1,"artifacts:panic_necklace":1,"minecraft:coal":27,"byg:blue_spruce_sapling":5,"minecraft:cobblestone":18},"minecraft:crafted":{"minecraft:crafting_table":1,"minecraft:spruce_planks":72,"minecraft:wooden_pickaxe":1,"minecraft:stone_axe":1,"minecraft:stick":16,"minecraft:stone_pickaxe":1,"minecraft:torch":32},"minecraft:killed":{"minecraft:pig":2,"minecraft:zombie":3,"minecraft:cow":1,"artifacts:mimic":1},"minecraft:killed_by":{"aoa3:ghost":2,"minecraft:zombie":2,"minecraft:pillager":1,"aoa3:goalby":1,"ars_nouveau:wilden_stalker":1},"minecraft:custom":{"minecraft:mob_kills":5,"minecraft:interact_with_crafting_table":5,"minecraft:open_barrel":2,"minecraft:play_one_minute":32349,"minecraft:leave_game":1,"minecraft:time_since_death":4707,"minecraft:time_since_rest":4387,"minecraft:sprint_one_cm":85824,"minecraft:damage_taken":1113,"minecraft:walk_one_cm":60515,"minecraft:drop":10,"minecraft:damage_dealt":1815,"minecraft:talked_to_villager":1,"minecraft:fly_one_cm":111276,"minecraft:open_chest":20,"minecraft:crouch_one_cm":836,"tombstone:undead_killed":3,"minecraft:deaths":7,"minecraft:sneak_time":377,"minecraft:walk_under_water_one_cm":897,"minecraft:jump":593,"minecraft:interact_with_blast_furnace":1,"minecraft:walk_on_water_one_cm":5437,"minecraft:fall_one_cm":17091}},"DataVersion":2586}