{"stats":{"minecraft:picked_up":{"minecraft:crafting_table":4,"aoa3:copper_coin":4,"minecraft:creeper_head":1,"minecraft:wooden_pickaxe":1,"aoa3:carved_rune_of_space":1,"minecraft:enchanted_book":2,"minecraft:potion":2,"minecraft:string":6,"minecraft:iron_pickaxe":1,"minecraft:sugar_cane":3,"minecraft:furnace":1,"minecraft:stick":5,"minecraft:torch":28,"minecraft:porkchop":5,"tombstone:grave_dust":3,"minecraft:redstone":5,"minecraft:iron_horse_armor":1,"minecraft:rotten_flesh":10,"aoa3:amethyst":9,"ars_nouveau:worn_notebook":1,"artifacts:running_shoes":1,"minecraft:gold_ingot":5,"artifacts:panic_necklace":1,"minecraft:cobblestone":30,"byg:blue_spruce_sapling":5,"minecraft:white_wool":8,"byg:rocky_stone":2,"minecraft:bone_block":14,"minecraft:smoker":2,"minecraft:dirt":9,"tombstone:gift":1,"minecraft:bone":2,"byg:scoria_cobblestone":2,"minecraft:wheat_seeds":6,"minecraft:iron_ore":30,"minecraft:cooked_porkchop":5,"minecraft:sweet_berries":69,"vampirism:fire_place":1,"minecraft:spruce_sapling":13,"minecraft:blast_furnace":3,"minecraft:spruce_log":35,"minecraft:gold_ore":25,"minecraft:crying_obsidian":1,"minecraft:spider_eye":6,"quark:cobbled_deepslate":3,"minecraft:sugar":2,"minecraft:slime_ball":6,"born_in_chaos_v1:fire_dust":1,"minecraft:diamond":13,"evilcraft:dark_gem":19,"minecraft:bread":7,"minecraft:coal":39},"minecraft:killed":{"minecraft:cave_spider":1,"minecraft:witch":3,"born_in_chaos_v1:restless_spirit":3,"minecraft:spider":4,"aoa3:ghost":1,"artifacts:mimic":2,"aoa3:trickster_clone":5,"minecraft:pig":2,"aoa3:night_reaper":1,"aoa3:void_walker":1,"minecraft:creeper":1,"aoa3:bugeye":1,"minecraft:zombie":13,"minecraft:cow":1},"minecraft:killed_by":{"aoa3:ghost":2,"minecraft:pillager":1,"ars_nouveau:wilden_stalker":1,"minecraft:zombie":2,"aoa3:goalby":1},"minecraft:mined":{"minecraft:diamond_ore":13,"minecraft:crying_obsidian":1,"byg:blue_spruce_leaves":171,"minecraft:grass_block":5,"minecraft:spruce_leaves":198,"minecraft:spawner":4,"minecraft:furnace":1,"minecraft:iron_ore":25,"aoa3:amethyst_ore":9,"treechop:chopped_log":20,"evilcraft:dark_ore":4,"quark:smooth_basalt":1,"minecraft:vine":3,"byg:rocky_stone":2,"minecraft:stone":31,"minecraft:smoker":2,"minecraft:crafting_table":4,"minecraft:torch":4,"minecraft:blast_furnace":3,"minecraft:tall_grass":11,"minecraft:sugar_cane":1,"minecraft:wall_torch":2,"byg:scoria_stone":2,"minecraft:sweet_berry_bush":12,"minecraft:spruce_log":35,"quark:deepslate":3,"minecraft:grass":39,"minecraft:coal_ore":29,"vampirism:fire_place":1,"quark:monster_box":1,"minecraft:dirt":4,"minecraft:cobweb":1,"minecraft:gold_ore":5},"minecraft:crafted":{"aoa3:amethyst_sword":1,"usefulbackpacks:backpack_small":1,"minecraft:furnace":1,"minecraft:iron_boots":1,"minecraft:iron_axe":1,"minecraft:stone_pickaxe":1,"quark:spruce_chest":4,"minecraft:smoker":1,"minecraft:cooked_beef":7,"minecraft:crafting_table":2,"minecraft:spruce_planks":100,"minecraft:wooden_pickaxe":1,"minecraft:iron_helmet":1,"minecraft:iron_sword":1,"minecraft:stone_axe":1,"aoa3:amethyst_pickaxe":1,"minecraft:air":0,"minecraft:stick":24,"minecraft:iron_ingot":42,"minecraft:iron_leggings":1,"minecraft:torch":40,"minecraft:shears":1},"minecraft:used":{"minecraft:stone_sword":59,"quark:cobbled_deepslate":1,"ars_nouveau:mana_berry":4,"minecraft:iron_sword":3,"minecraft:torch":45,"aoa3:amethyst_pickaxe":45,"quark:spruce_chest":2,"aoa3:amethyst_sword":117,"minecraft:iron_axe":1,"minecraft:bamboo":3,"minecraft:sweet_berries":45,"minecraft:furnace":1,"tombstone:gift":2,"minecraft:cooked_beef":1,"minecraft:water_bucket":9,"minecraft:stone_pickaxe":39,"minecraft:wooden_pickaxe":3,"byg:rocky_stone":2,"minecraft:crafting_table":4,"minecraft:blast_furnace":3,"minecraft:smoker":3,"minecraft:bread":1,"minecraft:iron_pickaxe":56,"minecraft:stone_axe":18,"minecraft:cooked_porkchop":4,"byg:scoria_cobblestone":1,"minecraft:bucket":10},"minecraft:dropped":{"minecraft:iron_sword":1,"minecraft:wheat_seeds":1,"minecraft:iron_horse_armor":1,"minecraft:dirt":1,"ars_nouveau:worn_notebook":1,"tconstruct:materials_and_you":1,"quark:cobbled_deepslate":2,"minecraft:creeper_head":1,"born_in_chaos_v1:fire_dust":1,"alexsmobs:animal_dictionary":1,"tombstone:gift":1,"minecraft:spider_eye":3,"minecraft:slime_ball":6,"astralsorcery:tome":1,"minecraft:wooden_pickaxe":1,"minecraft:stone_pickaxe":1},"minecraft:custom":{"minecraft:interact_with_smithing_table":1,"minecraft:mob_kills":39,"minecraft:animals_bred":1,"minecraft:interact_with_crafting_table":20,"minecraft:open_barrel":9,"minecraft:leave_game":2,"minecraft:time_since_death":36586,"minecraft:sprint_one_cm":160039,"minecraft:walk_one_cm":170337,"minecraft:drop":16,"minecraft:talked_to_villager":2,"minecraft:deaths":7,"minecraft:sneak_time":727,"minecraft:walk_under_water_one_cm":1128,"minecraft:jump":1092,"minecraft:interact_with_blast_furnace":6,"minecraft:walk_on_water_one_cm":10226,"minecraft:interact_with_furnace":12,"tombstone:raider_killed":3,"minecraft:play_one_minute":64228,"minecraft:time_since_rest":36266,"minecraft:damage_taken":1989,"minecraft:damage_dealt":10288,"minecraft:fly_one_cm":221068,"minecraft:open_chest":62,"minecraft:crouch_one_cm":2003,"tombstone:undead_killed":15,"minecraft:interact_with_smoker":6,"minecraft:fall_one_cm":30500}},"DataVersion":2586}