{"stats":{"minecraft:broken":{"minecraft:iron_boots":1,"randomloot:titanium_helmet":1},"minecraft:mined":{"minecraft:stone_pressure_plate":1,"minecraft:spruce_planks":12,"minecraft:white_bed":5,"minecraft:mossy_stone_brick_slab":2,"byg:cattail":1,"minecraft:granite":1,"minecraft:grass_block":359,"evilcraft:blood_chest":1,"minecraft:coal_block":1,"minecraft:spawner":15,"minecraft:iron_ore":58,"minecraft:fire":42,"minecraft:pumpkin":3,"minecraft:enchanting_table":1,"minecraft:oak_stairs":1,"minecraft:iron_bars":2,"byg:rainbow_eucalyptus_leaves":4,"byg:tall_prairie_grass":1,"minecraft:torch":22,"minecraft:jungle_stairs":1,"minecraft:poppy":6,"byg:yellow_birch_leaves":4,"minecraft:cobblestone":4,"minecraft:damaged_anvil":1,"minecraft:grindstone":1,"minecraft:sugar_cane":24,"minecraft:oak_planks":4,"minecraft:wall_torch":13,"minecraft:dark_oak_slab":4,"minecraft:wheat":4,"minecraft:black_bed":1,"minecraft:grass":152,"minecraft:oak_log":35,"minecraft:sand":41,"minecraft:dirt":19,"minecraft:oak_leaves":532,"evilcraft:hardened_blood":24,"minecraft:crying_obsidian":4,"evilcraft:dark_tank":3,"enchantinginfuser:enchanting_infuser":1,"minecraft:dark_oak_fence":2,"minecraft:spruce_fence":1,"iceandfire:chared_dirt":1,"minecraft:spruce_leaves":437,"minecraft:large_fern":2,"minecraft:hay_block":39,"minecraft:spruce_sapling":2,"minecraft:furnace":2,"aoa3:amethyst_ore":8,"minecraft:acacia_wood":2,"treechop:chopped_log":51,"evilcraft:dark_ore":8,"minecraft:gold_block":1,"minecraft:bookshelf":30,"minecraft:vine":5,"byg:rocky_stone":29,"minecraft:bamboo":1,"minecraft:stone":44,"minecraft:white_wool":8,"tconstruct:copper_ore":2,"byg:wilted_grass":1,"minecraft:stone_brick_slab":1,"minecraft:dandelion":6,"minecraft:polished_granite":1,"minecraft:crafting_table":9,"minecraft:rose_bush":3,"minecraft:tall_grass":1,"minecraft:lapis_ore":8,"quark:dark_oak_trapped_chest":1,"minecraft:coarse_dirt":2,"minecraft:sweet_berry_bush":1,"minecraft:spruce_log":55,"minecraft:birch_leaves":2,"minecraft:coal_ore":44,"byg:peat":1,"minecraft:cobweb":4,"minecraft:terracotta":3,"minecraft:gold_ore":9,"quark:root":1},"minecraft:custom":{"minecraft:animals_bred":2,"minecraft:interact_with_crafting_table":74,"minecraft:open_barrel":50,"minecraft:leave_game":7,"minecraft:time_since_death":24943,"minecraft:sprint_one_cm":521557,"minecraft:drop":174,"minecraft:talked_to_villager":5,"minecraft:deaths":11,"minecraft:jump":3799,"minecraft:walk_on_water_one_cm":45445,"minecraft:enchant_item":1,"minecraft:interact_with_furnace":44,"minecraft:play_one_minute":238006,"minecraft:sleep_in_bed":8,"minecraft:damage_dealt":42653,"minecraft:player_kills":3,"minecraft:crouch_one_cm":20183,"tombstone:undead_killed":90,"minecraft:interact_with_anvil":1,"minecraft:mob_kills":200,"minecraft:damage_dealt_resisted":255,"minecraft:climb_one_cm":14314,"minecraft:walk_one_cm":580947,"minecraft:raid_win":1,"minecraft:sneak_time":7867,"minecraft:walk_under_water_one_cm":25137,"tombstone:raider_killed":14,"minecraft:raid_trigger":1,"minecraft:time_since_rest":23960,"minecraft:damage_taken":2147483647,"minecraft:damage_absorbed":199,"minecraft:trigger_trapped_chest":1,"minecraft:swim_one_cm":73853,"minecraft:fly_one_cm":847399,"minecraft:open_chest":226,"minecraft:fall_one_cm":100701},"minecraft:killed_by":{"minecraft:creeper":1,"iceandfire:gorgon":3,"minecraft:skeleton":6},"minecraft:dropped":{"minecraft:iron_sword":2,"byg:red_maple_sapling":2,"minecraft:oak_log":13,"byg:white_anemone":2,"iceandfire:chared_dirt":2,"aoa3:amethyst_sword":1,"minecraft:honeycomb":14,"aoa3:copper_coin":7,"minecraft:flint":1,"minecraft:gold_block":1,"minecraft:dirt":8,"minecraft:mutton":1,"aoa3:carved_rune_of_space":1,"minecraft:phantom_membrane":1,"spartanweaponry:arrow_iron_tipped":1,"minecraft:iron_pickaxe":1,"minecraft:bone":2,"minecraft:sugar_cane":32,"quark:root_item":1,"minecraft:iron_nugget":1,"tombstone:gift":4,"minecraft:rotten_flesh":7,"minecraft:oak_planks":2,"minecraft:mossy_stone_brick_slab":2,"minecraft:cooked_mutton":1,"minecraft:honey_bottle":13,"minecraft:white_bed":1,"minecraft:salmon":4,"evilcraft:flesh_humanoid":1,"minecraft:carrot":1,"minecraft:gunpowder":1,"vampirism:vampire_blood_bottle":1,"minecraft:skeleton_skull":2,"minecraft:jungle_stairs":1,"minecraft:iron_bars":1,"minecraft:arrow":31,"minecraft:crying_obsidian":2,"spartanweaponry:illager_head":2,"iceandfire:chared_grass":7,"minecraft:enchanting_table":1,"minecraft:enchanted_book":1,"minecraft:iron_ingot":40,"minecraft:bread":32,"minecraft:wheat_seeds":3,"aoa3:scrap_metal":1,"byg:pine_sapling":3,"endrem:witch_pupil":3,"minecraft:iron_helmet":2,"minecraft:cobblestone":9,"evilcraft:dark_gem":1,"vampirism:amulet":3,"minecraft:coal":10,"minecraft:golden_apple":4,"minecraft:polished_andesite":4,"byg:cattail":2,"minecraft:cobweb":8,"aoa3:deeplands_realmstone":1,"minecraft:ink_sac":1,"tombstone:magic_scroll":2,"minecraft:cooked_salmon":2,"tombstone:grave_dust":3,"minecraft:iron_leggings":2,"minecraft:wither_rose":1,"minecraft:pumpkin":3,"minecraft:white_banner":3,"minecraft:iron_shovel":1,"minecraft:paper":2,"minecraft:spruce_sapling":1,"minecraft:redstone":7,"minecraft:stone_brick_slab":1,"minecraft:furnace":2,"minecraft:sweet_berries":1,"evilcraft:box_of_eternal_closure":1,"minecraft:iron_boots":3,"evilcraft:origins_of_darkness":1,"aoa3:blank_realmstone":1,"minecraft:filled_map":2,"minecraft:hay_block":15,"minecraft:iron_chestplate":2,"aoa3:raw_rainbowfish":1,"iceandfire:silver_ingot":1,"minecraft:oak_sapling":10,"minecraft:spider_eye":4,"minecraft:stone_pickaxe":1,"spartanweaponry:arrow_explosive":1,"randomloot:sword":1,"minecraft:terracotta":3},"minecraft:killed":{"aoa3:fishix":1,"vampirism:vampire":2,"minecraft:cave_spider":1,"iceandfire:hippogryph":1,"minecraft:witch":2,"vampirism:advanced_vampire":1,"minecraft:spider":6,"tconstruct:sky_slime":1,"minecraft:skeleton":36,"aoa3:shade":2,"aoa3:sasquatch":1,"minecraft:chicken":2,"minecraft:silverfish":14,"aoa3:swamp_charger":1,"minecraft:piglin_brute":5,"minecraft:parrot":1,"minecraft:zombie_villager":4,"aoa3:bomb_carrier":1,"minecraft:creeper":6,"minecraft:sheep":1,"minecraft:pillager":6,"minecraft:zombie":40,"aoa3:goblin":2,"aoa3:goalby":1,"minecraft:cow":11,"minecraft:phantom":5,"minecraft:horse":8,"iceandfire:fire_dragon":2,"iceandfire:cyclops":1,"aoa3:night_reaper":1,"minecraft:ravager":1,"minecraft:squid":2,"aoa3:shadow":2},"minecraft:picked_up":{"minecraft:iron_chestplate":4,"minecraft:wheat":35,"minecraft:enchanted_book":9,"minecraft:string":8,"minecraft:iron_leggings":4,"minecraft:armor_stand":4,"minecraft:experience_bottle":12,"minecraft:zombie_head":1,"minecraft:spruce_planks":2,"quark:root_item":4,"minecraft:coal_block":1,"iceandfire:armor_bronze_boots":1,"evilcraft:blood_extractor":1,"minecraft:furnace":2,"minecraft:iron_boots":7,"minecraft:stick":40,"minecraft:torch":90,"tombstone:grave_dust":15,"vampirism:amulet":4,"aoa3:carved_rune_of_travel":1,"aoa3:amethyst_pickaxe":1,"byg:cattail":2,"byg:pine_sapling":6,"evilcraft:box_of_eternal_closure":1,"minecraft:honey_bottle":13,"minecraft:rotten_flesh":72,"iceandfire:fire_dragon_heart":2,"endrem:rogue_eye":1,"minecraft:iron_bars":4,"minecraft:cobblestone":45,"minecraft:enchanting_table":3,"minecraft:leather_chestplate":1,"minecraft:feather":9,"minecraft:water_bucket":1,"minecraft:black_bed":1,"minecraft:flint":6,"evilcraft:flesh_humanoid":2,"minecraft:lapis_lazuli":116,"iceandfire:dragonscales_bronze":22,"minecraft:dirt":444,"minecraft:bone":66,"quark:dark_oak_trapped_chest":1,"minecraft:bow":2,"minecraft:wheat_seeds":91,"minecraft:grindstone":1,"minecraft:bamboo":12,"evilcraft:dark_ore":1,"tconstruct:sky_slime_sapling":1,"minecraft:oak_planks":4,"minecraft:honeycomb":14,"randomloot:golden_case":2,"minecraft:cooked_porkchop":2,"iceandfire:dragon_skull_fire":2,"minecraft:sand":40,"minecraft:ink_sac":3,"iceandfire:chared_cobblestone":1,"minecraft:polished_andesite":4,"minecraft:diamond":9,"enchantinginfuser:enchanting_infuser":1,"minecraft:crossbow":1,"minecraft:golden_apple":4,"minecraft:bread":40,"iceandfire:gorgon_head":1,"minecraft:oak_sapling":36,"minecraft:charcoal":2,"minecraft:coarse_dirt":2,"minecraft:crafting_table":10,"evilcraft:dark_power_gem":1,"aoa3:copper_coin":9,"minecraft:chicken":3,"aoa3:blank_realmstone":1,"aoa3:carved_rune_of_space":1,"minecraft:gold_block":1,"iceandfire:frozen_cobblestone":1,"byg:peat":1,"iceandfire:frozen_grass":1,"evilcraft:dark_block":3,"minecraft:iron_axe":1,"minecraft:flint_and_steel":1,"minecraft:iron_shovel":2,"minecraft:beef":28,"minecraft:iron_nugget":3,"minecraft:poppy":13,"minecraft:sugar_cane":51,"minecraft:chest":1,"minecraft:phantom_membrane":2,"minecraft:egg":1,"iceandfire:dragonbone":25,"iceandfire:dragonscales_gray":35,"minecraft:stone":1,"iceandfire:chared_grass":14,"evilcraft:origins_of_darkness":1,"randomloot:titanium_chest":1,"minecraft:spruce_fence":1,"evilcraft:hardened_blood":2,"minecraft:redstone":6,"iceandfire:dragon_skull_ice":1,"iceandfire:silver_ingot":1,"minecraft:arrow":126,"minecraft:stone_shovel":1,"spartanweaponry:illager_head":2,"aoa3:amethyst":7,"minecraft:jungle_stairs":1,"minecraft:hay_block":39,"iceandfire:chared_dirt":4,"evilcraft:blood_chest":1,"tombstone:essence_of_undeath":1,"minecraft:gold_ingot":58,"minecraft:mutton":13,"byg:rocky_stone":29,"minecraft:skeleton_skull":2,"minecraft:white_wool":32,"byg:red_maple_sapling":2,"vampirism:vampire_blood_bottle":1,"minecraft:salmon":3,"minecraft:leather":25,"minecraft:acacia_wood":2,"minecraft:filled_map":2,"aoa3:deeplands_realmstone":1,"minecraft:oak_log":90,"iceandfire:armor_bronze_leggings":1,"byg:white_anemone":2,"aoa3:amethyst_sword":2,"minecraft:gunpowder":3,"aoa3:raw_rainbowfish":1,"minecraft:white_banner":3,"tombstone:gift":1,"minecraft:apple":5,"minecraft:rabbit_hide":1,"minecraft:iron_ingot":48,"minecraft:cobweb":8,"minecraft:iron_ore":63,"minecraft:iron_sword":2,"iceandfire:fire_dragon_flesh":1,"minecraft:book":180,"minecraft:dark_oak_slab":7,"tconstruct:copper_ore":2,"minecraft:pumpkin":3,"minecraft:sweet_berries":2,"minecraft:stone_brick_slab":1,"minecraft:dandelion":6,"aoa3:scrap_metal":2,"minecraft:spruce_sapling":29,"minecraft:white_bed":5,"minecraft:spruce_log":66,"minecraft:gold_ore":9,"minecraft:crying_obsidian":3,"minecraft:mossy_stone_brick_slab":2,"minecraft:spider_eye":4,"usefulbackpacks:backpack_large":1,"minecraft:leather_helmet":1,"evilcraft:dark_tank":4,"randomloot:basic_case":2,"minecraft:iron_helmet":5,"evilcraft:dark_gem":54,"minecraft:terracotta":3,"tombstone:magic_scroll":3,"minecraft:coal":115,"minecraft:ender_pearl":1},"minecraft:used":{"minecraft:iron_shovel":298,"evilcraft:blood_chest":1,"minecraft:chest":1,"minecraft:iron_sword":9,"randomloot:sword":1,"aoa3:amethyst_sword":872,"minecraft:bow":56,"minecraft:oak_sapling":2,"minecraft:furnace":2,"minecraft:stone_pickaxe":84,"minecraft:oak_planks":83,"minecraft:wooden_pickaxe":3,"minecraft:golden_apple":6,"tconstruct:copper_ore":2,"minecraft:crossbow":10,"minecraft:black_bed":2,"minecraft:shears":4,"minecraft:bread":81,"minecraft:grindstone":1,"minecraft:coarse_dirt":1,"minecraft:cobweb":4,"minecraft:experience_bottle":1,"ironchest:wood_to_iron_chest_upgrade":1,"minecraft:enchanting_table":1,"minecraft:flint_and_steel":3,"minecraft:armor_stand":1,"minecraft:stone_shovel":126,"minecraft:spruce_planks":4,"quark:spruce_bookshelf":6,"minecraft:torch":125,"minecraft:dirt":51,"aoa3:amethyst_pickaxe":146,"minecraft:spruce_fence":19,"minecraft:bookshelf":13,"quark:spruce_chest":2,"minecraft:iron_axe":142,"minecraft:golden_carrot":2,"minecraft:cooked_beef":1,"minecraft:wheat_seeds":4,"minecraft:water_bucket":5,"minecraft:spruce_fence_gate":2,"minecraft:crafting_table":8,"minecraft:white_bed":3,"minecraft:iron_pickaxe":47,"minecraft:spruce_sapling":8,"minecraft:stone_axe":51,"enchantinginfuser:enchanting_infuser":2,"minecraft:cobblestone":7,"evilcraft:dark_tank":3,"minecraft:cooked_porkchop":1,"minecraft:bucket":8,"quark:oak_chest":4},"minecraft:crafted":{"minecraft:black_dye":1,"minecraft:oak_planks":248,"evilcraft:hardened_blood_shard":0,"usefulbackpacks:backpack_small":1,"minecraft:bookshelf":13,"minecraft:glass":0,"evilcraft:blood_extractor":10,"minecraft:oak_fence":15,"minecraft:cooked_porkchop":0,"enchantinginfuser:enchanting_infuser":1,"minecraft:crafting_table":1,"minecraft:spruce_planks":160,"minecraft:wooden_pickaxe":1,"minecraft:stick":96,"quark:oak_chest":4,"usefulbackpacks:backpack_large":1,"minecraft:iron_ingot":66,"minecraft:iron_pickaxe":1,"minecraft:iron_block":2,"minecraft:black_bed":1,"minecraft:spruce_fence_gate":3,"minecraft:shears":1,"evilcraft:dark_spike":16,"minecraft:stone_shovel":1,"aoa3:amethyst_sword":2,"evilcraft:blood_chest":1,"minecraft:furnace":2,"minecraft:spruce_fence":27,"evilcraft:dark_block":5,"minecraft:iron_axe":1,"minecraft:stone_pickaxe":1,"usefulbackpacks:backpack_medium":1,"quark:spruce_chest":2,"minecraft:wheat":216,"ironchest:wood_to_iron_chest_upgrade":1,"evilcraft:dark_tank":1,"evilcraft:blood_infusion_core":1,"iceandfire:armor_bronze_boots":1,"minecraft:iron_sword":1,"ironfurnaces:upgrade_iron":2,"minecraft:bucket":3,"minecraft:stone_axe":1,"aoa3:amethyst_pickaxe":1,"minecraft:bread":82,"minecraft:air":0,"ironfurnaces:upgrade_gold":1,"quark:spruce_bookshelf":6,"minecraft:iron_shovel":2,"ironfurnaces:upgrade_emerald":1,"iceandfire:armor_bronze_leggings":1,"ironfurnaces:upgrade_diamond":1,"minecraft:torch":84}},"DataVersion":2586}