{"stats":{"minecraft:mined":{"minecraft:coal_ore":8,"minecraft:spruce_leaves":191,"minecraft:spruce_log":18,"minecraft:stone":14,"treechop:chopped_log":10,"minecraft:crafting_table":1},"minecraft:used":{"minecraft:stone_axe":1,"minecraft:crafting_table":1,"minecraft:stone_pickaxe":19,"minecraft:wooden_pickaxe":3},"minecraft:picked_up":{"minecraft:crafting_table":1,"minecraft:stick":2,"ars_nouveau:worn_notebook":1,"minecraft:spruce_sapling":6,"minecraft:spruce_log":18,"minecraft:coal":8,"minecraft:cobblestone":14},"minecraft:crafted":{"minecraft:stone_axe":1,"minecraft:crafting_table":1,"minecraft:spruce_planks":72,"minecraft:stick":16,"minecraft:wooden_pickaxe":1,"minecraft:stone_pickaxe":1},"minecraft:custom":{"minecraft:time_since_rest":8349,"minecraft:play_one_minute":8349,"minecraft:sprint_one_cm":3746,"minecraft:walk_one_cm":5587,"minecraft:jump":20,"minecraft:leave_game":1,"minecraft:time_since_death":8349,"minecraft:fall_one_cm":209,"minecraft:interact_with_crafting_table":3,"minecraft:fly_one_cm":1947}},"DataVersion":2586}