{"stats":{"minecraft:picked_up":{"techreborn:advanced_alloy_ingot":1,"techreborn:raw_tin":1,"minecraft:charcoal":2,"modern_industrialization:lignite_coal":34,"minecraft:crafting_table":3,"regions_unexplored:silt_coarse_dirt":2,"minecraft:leather_leggings":1,"minecraft:smoker":1,"regions_unexplored:silt_dirt":31,"minecraft:red_mushroom":1,"minecraft:oak_log":57,"regions_unexplored:salmon_poppy_bush":19,"minecraft:string":1,"bewitchment:elder_sapling":3,"minecraft:dirt":6,"regions_unexplored:tassel":1,"bewitchment:elder_log":4,"regions_unexplored:aster":1,"minecraft:bone":6,"minecraft:blue_orchid":2,"minecraft:apple":22,"minecraft:wheat_seeds":2,"fishofthieves:earthworms":8,"minecraft:sugar_cane":4,"twigs:twig":20,"minecraft:melon_slice":43,"minecraft:piston":1,"minecraft:spruce_trapdoor":1,"minecraft:book":3,"minecraft:stick":1,"minecraft:torch":7,"regions_unexplored:oak_shrub":1,"techreborn:sapphire_gem":4,"techreborn:peridot_gem":2,"minecraft:stone_sword":1,"minecraft:arrow":10,"minecraft:dispenser":1,"minecraft:rotten_flesh":6,"regions_unexplored:fireweed":5,"minecraft:terracotta":2,"minecraft:diamond_boots":1,"minecraft:hay_block":39,"twigs:tangerine_seashell":1,"minecraft:emerald":1,"regions_unexplored:apple_oak_sapling":1,"minecraft:white_wool":5,"minecraft:oak_sapling":27,"minecraft:mutton":1,"minecraft:coal":45,"minecraft:rail":1,"minecraft:cobblestone":44},"minecraft:crafted":{"minecraft:oak_planks":84,"minecraft:crafting_table":1,"minecraft:wooden_pickaxe":1,"minecraft:iron_helmet":1,"minecraft:bucket":2,"minecraft:stone_axe":1,"mcdw:sword_katana":1,"minecraft:bread":51,"indrev:hammer":1,"minecraft:iron_boots":1,"minecraft:iron_chestplate":1,"minecraft:iron_axe":2,"minecraft:stick":68,"minecraft:iron_pickaxe":1,"minecraft:stone_pickaxe":1,"minecraft:chest":4,"minecraft:iron_leggings":1,"minecraft:torch":96,"minecraft:wheat":153},"minecraft:used":{"regions_unexplored:silt_dirt":17,"minecraft:stone_sword":55,"minecraft:stone_pickaxe":22,"minecraft:baked_potato":3,"minecraft:chest":4,"minecraft:wooden_pickaxe":3,"minecraft:white_wool":4,"minecraft:torch":31,"minecraft:dirt":6,"simplyswords:diamond_rapier":99,"minecraft:crafting_table":3,"minecraft:lava_bucket":1,"minecraft:iron_axe":67,"minecraft:bread":19,"minecraft:iron_pickaxe":122,"mcdw:sword_katana":8,"simplyswords:diamond_cutlass":125,"minecraft:stone_axe":12,"minecraft:cobblestone":34,"minecraft:hay_block":1,"minecraft:bucket":3},"minecraft:custom":{"lootr:looted_stat":26,"minecraft:mob_kills":24,"minecraft:interact_with_crafting_table":16,"minecraft:damage_dealt_resisted":0,"minecraft:time_since_death":75091,"minecraft:sleep_in_bed":4,"minecraft:damage_resisted":0,"minecraft:climb_one_cm":3576,"minecraft:hex":0,"minecraft:time_since_rest":31612,"minecraft:sprint_one_cm":111968,"minecraft:damage_taken":1249,"minecraft:walk_one_cm":145178,"minecraft:drop":22,"minecraft:damage_dealt":4634,"minecraft:swim_one_cm":5126,"minecraft:fly_one_cm":111222,"minecraft:open_chest":13,"minecraft:crouch_one_cm":2984,"minecraft:play_time":75091,"minecraft:sneak_time":868,"minecraft:walk_under_water_one_cm":2816,"minecraft:jump":668,"minecraft:walk_on_water_one_cm":13137,"minecraft:total_world_time":75091,"minecraft:fall_one_cm":19436,"minecraft:inspect_dispenser":2},"minecraft:mined":{"techreborn:sapphire_ore":2,"minecraft:smoker":1,"minecraft:torch":2,"minecraft:crafting_table":3,"minecraft:spruce_trapdoor":1,"minecraft:purple_terracotta":5,"minecraft:spruce_fence":1,"minecraft:grass_block":2,"minecraft:melon":9,"regions_unexplored:silt_dirt":9,"minecraft:mushroom_stem":11,"modern_industrialization:lignite_coal_ore":34,"regions_unexplored:aster":1,"minecraft:sugar_cane":2,"minecraft:wall_torch":6,"minecraft:spawner":1,"minecraft:large_fern":1,"techreborn:tin_ore":1,"minecraft:hay_block":36,"bewitchment:elder_leaves":4,"twigs:tangerine_seashell":1,"minecraft:birch_leaves":1,"treechop:chopped_log":4,"regions_unexplored:oak_shrub":1,"supplementaries:stick":1,"minecraft:grass":19,"minecraft:bookshelf":1,"minecraft:oak_log":9,"minecraft:coal_ore":45,"bewitchment:elder_log":4,"minecraft:dripstone_block":1,"minecraft:dirt":4,"regions_unexplored:apple_oak_leaves":1,"minecraft:terracotta":2,"minecells:putrid_fence_gate":1,"minecraft:oak_leaves":10,"regions_unexplored:medium_grass":9,"minecraft:stone":45,"minecraft:dispenser":1,"minecraft:blue_orchid":2,"regions_unexplored:silt_grass_block":7,"minecraft:white_wool":4,"minecraft:piston":1,"regions_unexplored:tassel":1,"regions_unexplored:fireweed":7},"minecraft:dropped":{"minecraft:piston":1,"minecraft:wheat_seeds":1,"minecraft:stone_sword":1,"techreborn:advanced_alloy_ingot":1,"minecraft:rotten_flesh":1,"minecraft:iron_boots":1,"regions_unexplored:tassel":1,"twigs:tangerine_seashell":1,"techreborn:raw_tin":1,"minecraft:dispenser":1,"minecraft:rose_bush":3,"minecraft:iron_axe":1,"minecraft:blue_orchid":3,"regions_unexplored:silt_dirt":9},"minecraft:killed":{"graveyard:ghoul":1,"graveyard:revenant":1,"minecraft:spider":3,"minecraft:sheep":1,"minecraft:skeleton":8,"minecraft:pillager":1,"minecraft:zombie":8,"mythicmobs:mushroom_thing":1}},"DataVersion":3465}