{"stats":{"minecraft:picked_up":{"minecraft:crafting_table":3,"minecraft:wooden_pickaxe":1,"minecraft:smoker":2,"minecraft:enchanted_book":1,"minecraft:dirt":1,"tombstone:gift":1,"minecraft:bone":2,"minecraft:wheat_seeds":6,"minecraft:iron_ore":8,"minecraft:iron_pickaxe":1,"minecraft:sugar_cane":3,"minecraft:furnace":1,"minecraft:stick":5,"minecraft:cooked_porkchop":5,"minecraft:sweet_berries":67,"vampirism:fire_place":1,"minecraft:torch":25,"minecraft:porkchop":5,"minecraft:spruce_sapling":13,"tombstone:grave_dust":1,"minecraft:blast_furnace":3,"minecraft:spruce_log":35,"minecraft:gold_ore":5,"quark:cobbled_deepslate":2,"born_in_chaos_v1:fire_dust":1,"minecraft:rotten_flesh":4,"minecraft:slime_ball":6,"minecraft:diamond":13,"ars_nouveau:worn_notebook":1,"minecraft:gold_ingot":5,"artifacts:panic_necklace":1,"minecraft:white_wool":7,"minecraft:coal":36,"byg:blue_spruce_sapling":5,"minecraft:cobblestone":18},"minecraft:killed":{"minecraft:pig":2,"born_in_chaos_v1:restless_spirit":1,"minecraft:zombie":3,"artifacts:mimic":1,"minecraft:cow":1},"minecraft:killed_by":{"aoa3:ghost":2,"minecraft:zombie":2,"minecraft:pillager":1,"aoa3:goalby":1,"ars_nouveau:wilden_stalker":1},"minecraft:mined":{"minecraft:diamond_ore":13,"minecraft:smoker":2,"minecraft:crafting_table":3,"minecraft:torch":3,"minecraft:blast_furnace":3,"byg:blue_spruce_leaves":171,"minecraft:grass_block":1,"minecraft:tall_grass":10,"minecraft:spruce_leaves":198,"minecraft:sugar_cane":1,"minecraft:wall_torch":1,"minecraft:spawner":2,"minecraft:furnace":1,"minecraft:iron_ore":8,"minecraft:sweet_berry_bush":12,"minecraft:spruce_log":35,"treechop:chopped_log":20,"quark:deepslate":3,"minecraft:grass":32,"minecraft:coal_ore":27,"quark:monster_box":1,"minecraft:vine":2,"vampirism:fire_place":1,"minecraft:stone":18,"minecraft:gold_ore":5},"minecraft:crafted":{"minecraft:cooked_beef":7,"minecraft:crafting_table":1,"minecraft:spruce_planks":100,"minecraft:wooden_pickaxe":1,"minecraft:iron_helmet":1,"minecraft:iron_sword":1,"usefulbackpacks:backpack_small":1,"minecraft:furnace":1,"minecraft:stone_axe":1,"minecraft:air":0,"minecraft:iron_boots":1,"minecraft:iron_axe":1,"minecraft:stick":24,"minecraft:iron_ingot":35,"minecraft:stone_pickaxe":1,"minecraft:iron_leggings":1,"quark:spruce_chest":4,"minecraft:torch":32,"minecraft:shears":1,"minecraft:smoker":1},"minecraft:dropped":{"minecraft:wheat_seeds":1,"born_in_chaos_v1:fire_dust":1,"alexsmobs:animal_dictionary":1,"tombstone:gift":1,"minecraft:dirt":1,"ars_nouveau:worn_notebook":1,"tconstruct:materials_and_you":1,"quark:cobbled_deepslate":2,"astralsorcery:tome":1,"minecraft:slime_ball":6,"minecraft:stone_pickaxe":1,"minecraft:wooden_pickaxe":1},"minecraft:used":{"minecraft:water_bucket":7,"minecraft:stone_sword":59,"minecraft:stone_pickaxe":39,"ars_nouveau:mana_berry":4,"minecraft:wooden_pickaxe":3,"minecraft:iron_sword":3,"minecraft:torch":21,"minecraft:crafting_table":3,"minecraft:blast_furnace":3,"minecraft:smoker":3,"quark:spruce_chest":2,"minecraft:bread":1,"minecraft:iron_pickaxe":46,"minecraft:bamboo":3,"minecraft:stone_axe":18,"minecraft:sweet_berries":45,"minecraft:furnace":1,"minecraft:bucket":8,"tombstone:gift":2,"minecraft:cooked_beef":1},"minecraft:custom":{"minecraft:interact_with_furnace":9,"minecraft:mob_kills":5,"minecraft:interact_with_crafting_table":18,"minecraft:open_barrel":9,"minecraft:play_one_minute":52228,"minecraft:leave_game":2,"minecraft:time_since_death":24586,"minecraft:time_since_rest":24266,"minecraft:sprint_one_cm":144303,"minecraft:damage_taken":1371,"minecraft:walk_one_cm":110682,"minecraft:drop":12,"minecraft:damage_dealt":1932,"minecraft:talked_to_villager":2,"minecraft:fly_one_cm":211009,"minecraft:crouch_one_cm":1045,"minecraft:open_chest":51,"minecraft:sneak_time":430,"tombstone:undead_killed":3,"minecraft:deaths":7,"minecraft:walk_under_water_one_cm":977,"minecraft:jump":983,"minecraft:interact_with_blast_furnace":6,"minecraft:walk_on_water_one_cm":7367,"minecraft:interact_with_smoker":6,"minecraft:fall_one_cm":29017}},"DataVersion":2586}