{"stats":{"minecraft:picked_up":{"techreborn:advanced_alloy_ingot":1,"techreborn:raw_tin":1,"minecraft:charcoal":2,"minecraft:crafting_table":3,"modern_industrialization:lignite_coal":35,"regions_unexplored:silt_coarse_dirt":2,"minecraft:leather_leggings":1,"minecraft:smoker":1,"regions_unexplored:silt_dirt":31,"minecraft:red_mushroom":1,"minecraft:oak_log":57,"artifacts:flame_pendant":1,"regions_unexplored:salmon_poppy_bush":19,"bewitchment:elder_sapling":3,"minecraft:string":1,"regions_unexplored:tassel":1,"minecraft:dirt":6,"bewitchment:elder_log":4,"regions_unexplored:aster":1,"minecraft:bone":15,"minecraft:blue_orchid":2,"minecraft:apple":22,"minecraft:wheat_seeds":2,"fishofthieves:earthworms":8,"twigs:twig":20,"minecraft:melon_slice":43,"minecraft:sugar_cane":4,"minecraft:piston":1,"minecraft:spruce_trapdoor":1,"minecraft:book":3,"minecraft:stick":1,"minecraft:torch":9,"regions_unexplored:oak_shrub":1,"techreborn:sapphire_gem":4,"techreborn:peridot_gem":2,"minecraft:stone_sword":1,"minecraft:dispenser":1,"minecraft:arrow":19,"minecraft:rotten_flesh":8,"regions_unexplored:fireweed":5,"minecraft:diamond_boots":1,"minecraft:hay_block":39,"minecraft:emerald":1,"minecraft:terracotta":2,"minecraft:oak_sapling":27,"minecraft:cobblestone":46,"minecraft:mutton":1,"twigs:tangerine_seashell":1,"minecraft:rail":1,"minecraft:coal":45,"minecraft:skeleton_skull":1,"minecraft:white_wool":5,"regions_unexplored:apple_oak_sapling":1},"minecraft:crafted":{"minecraft:oak_planks":84,"minecraft:crafting_table":1,"minecraft:iron_helmet":1,"minecraft:wooden_pickaxe":1,"minecraft:bucket":2,"minecraft:stone_axe":1,"mcdw:sword_katana":1,"minecraft:bread":51,"indrev:hammer":1,"minecraft:iron_boots":1,"minecraft:iron_chestplate":1,"minecraft:iron_axe":2,"minecraft:stick":68,"minecraft:iron_pickaxe":1,"minecraft:stone_pickaxe":1,"minecraft:chest":4,"minecraft:iron_leggings":1,"minecraft:torch":96,"minecraft:wheat":153},"minecraft:used":{"regions_unexplored:silt_dirt":17,"minecraft:stone_sword":55,"minecraft:stone_pickaxe":22,"minecraft:baked_potato":3,"minecraft:chest":4,"minecraft:wooden_pickaxe":3,"minecraft:white_wool":4,"minecraft:torch":42,"minecraft:dirt":6,"simplyswords:diamond_rapier":173,"minecraft:crafting_table":3,"minecraft:lava_bucket":1,"minecraft:iron_axe":67,"minecraft:bread":22,"minecraft:iron_pickaxe":126,"mcdw:sword_katana":8,"simplyswords:diamond_cutlass":125,"minecraft:stone_axe":12,"minecraft:golden_carrot":2,"minecraft:cobblestone":34,"minecraft:bucket":3,"minecraft:hay_block":1},"minecraft:custom":{"lootr:looted_stat":31,"minecraft:mob_kills":35,"minecraft:interact_with_crafting_table":16,"minecraft:damage_dealt_resisted":0,"minecraft:leave_game":1,"minecraft:time_since_death":83544,"minecraft:hex":0,"minecraft:sleep_in_bed":4,"minecraft:damage_resisted":0,"minecraft:climb_one_cm":6979,"minecraft:time_since_rest":40065,"minecraft:sprint_one_cm":122781,"minecraft:damage_taken":1479,"minecraft:walk_one_cm":165425,"minecraft:drop":22,"minecraft:damage_dealt":6339,"minecraft:swim_one_cm":5126,"minecraft:fly_one_cm":114748,"minecraft:play_time":83544,"minecraft:crouch_one_cm":3382,"minecraft:open_chest":13,"minecraft:sneak_time":942,"minecraft:walk_under_water_one_cm":2816,"minecraft:inspect_dispenser":2,"minecraft:fall_one_cm":20924,"minecraft:jump":703,"minecraft:total_world_time":83544,"minecraft:walk_on_water_one_cm":13137},"minecraft:mined":{"techreborn:sapphire_ore":2,"minecraft:smoker":1,"minecraft:spruce_trapdoor":1,"minecraft:crafting_table":3,"minecraft:torch":2,"minecraft:purple_terracotta":5,"minecraft:spruce_fence":1,"minecraft:grass_block":2,"minecraft:melon":9,"regions_unexplored:silt_dirt":9,"minecraft:mushroom_stem":11,"modern_industrialization:lignite_coal_ore":35,"regions_unexplored:aster":1,"minecraft:sugar_cane":2,"minecraft:wall_torch":8,"techreborn:tin_ore":1,"minecraft:spawner":2,"minecraft:large_fern":1,"minecraft:hay_block":36,"bewitchment:elder_leaves":4,"twigs:tangerine_seashell":1,"minecraft:birch_leaves":1,"treechop:chopped_log":4,"minecraft:grass":19,"regions_unexplored:oak_shrub":1,"minecraft:bookshelf":1,"supplementaries:stick":1,"minecraft:coal_ore":45,"minecraft:oak_log":9,"bewitchment:elder_log":4,"minecraft:dripstone_block":1,"minecraft:dirt":4,"regions_unexplored:apple_oak_leaves":1,"minecells:putrid_fence_gate":1,"regions_unexplored:medium_grass":9,"minecraft:terracotta":2,"minecraft:stone":47,"minecraft:piston":1,"minecraft:white_wool":4,"minecraft:blue_orchid":2,"minecraft:dispenser":1,"regions_unexplored:tassel":1,"regions_unexplored:silt_grass_block":7,"minecraft:oak_leaves":10,"regions_unexplored:fireweed":7},"minecraft:dropped":{"minecraft:piston":1,"minecraft:wheat_seeds":1,"minecraft:stone_sword":1,"techreborn:advanced_alloy_ingot":1,"minecraft:rotten_flesh":1,"minecraft:iron_boots":1,"regions_unexplored:tassel":1,"twigs:tangerine_seashell":1,"techreborn:raw_tin":1,"minecraft:dispenser":1,"minecraft:rose_bush":3,"minecraft:iron_axe":1,"minecraft:blue_orchid":3,"regions_unexplored:silt_dirt":9},"minecraft:killed":{"graveyard:ghoul":1,"graveyard:revenant":1,"minecraft:spider":3,"minecraft:sheep":1,"minecraft:skeleton":17,"minecraft:pillager":1,"minecraft:zombie":10,"mythicmobs:mushroom_thing":1}},"DataVersion":3465}