{"stats":{"minecraft:picked_up":{"minecraft:crafting_table":4,"aoa3:copper_coin":4,"minecraft:creeper_head":1,"minecraft:wooden_pickaxe":1,"aoa3:carved_rune_of_space":1,"minecraft:enchanted_book":5,"minecraft:potion":2,"aoa3:limonite_ore":2,"minecraft:string":13,"aoa3:jade":6,"minecraft:iron_pickaxe":1,"minecraft:sugar_cane":3,"evilcraft:blood_extractor":1,"minecraft:furnace":1,"minecraft:stick":5,"minecraft:torch":34,"minecraft:porkchop":5,"tombstone:grave_dust":3,"minecraft:redstone":5,"alexsmobs:centipede_leg":1,"minecraft:iron_horse_armor":1,"minecraft:rotten_flesh":18,"aoa3:amethyst":9,"ars_nouveau:worn_notebook":1,"minecraft:shears":2,"artifacts:running_shoes":1,"minecraft:gold_ingot":5,"artifacts:panic_necklace":1,"minecraft:iron_bars":2,"minecraft:mutton":1,"minecraft:cobblestone":39,"byg:blue_spruce_sapling":5,"minecraft:white_wool":13,"byg:rocky_stone":2,"minecraft:bone_block":14,"minecraft:enchanting_table":1,"minecraft:smoker":2,"minecraft:dirt":10,"tombstone:gift":1,"minecraft:name_tag":2,"born_in_chaos_v1:monster_skin":2,"minecraft:bone":7,"byg:scoria_cobblestone":2,"minecraft:wheat_seeds":6,"minecraft:iron_ore":30,"minecraft:cooked_porkchop":5,"minecraft:sweet_berries":69,"vampirism:fire_place":1,"born_in_chaos_v1:ethereal_spirit":1,"minecraft:spruce_sapling":13,"minecraft:blast_furnace":3,"minecraft:spruce_log":35,"minecraft:gold_ore":28,"minecraft:crying_obsidian":3,"minecraft:spider_eye":7,"minecraft:skeleton_spawn_egg":2,"quark:cobbled_deepslate":3,"minecraft:sugar":2,"minecraft:slime_ball":6,"born_in_chaos_v1:fire_dust":1,"minecraft:diamond":21,"evilcraft:dark_gem":28,"minecraft:bread":7,"minecraft:coal":111},"minecraft:killed":{"minecraft:cave_spider":3,"minecraft:witch":3,"born_in_chaos_v1:restless_spirit":3,"minecraft:spider":8,"minecraft:skeleton":3,"aoa3:ghost":1,"alexsmobs:centipede_head":1,"artifacts:mimic":2,"aoa3:trickster_clone":10,"minecraft:pig":2,"aoa3:night_reaper":1,"aoa3:cyclops":1,"born_in_chaos_v1:skeleton_bomb":1,"aoa3:void_walker":1,"minecraft:creeper":1,"born_in_chaos_v1:decrepit_skeleton":1,"aoa3:bugeye":1,"minecraft:sheep":1,"minecraft:pillager":1,"minecraft:zombie":19,"born_in_chaos_v1:dread_hound":2,"born_in_chaos_v1:dark_vortex":1,"minecraft:cow":1},"minecraft:killed_by":{"aoa3:ghost":2,"minecraft:pillager":1,"ars_nouveau:wilden_stalker":1,"minecraft:zombie":2,"aoa3:goalby":1},"minecraft:mined":{"minecraft:diamond_ore":21,"minecraft:crying_obsidian":3,"byg:blue_spruce_leaves":171,"minecraft:grass_block":5,"minecraft:spruce_leaves":198,"minecraft:spawner":6,"minecraft:furnace":1,"minecraft:iron_ore":25,"aoa3:amethyst_ore":9,"treechop:chopped_log":20,"evilcraft:dark_ore":6,"minecraft:enchanting_table":1,"quark:smooth_basalt":1,"minecraft:vine":4,"minecraft:iron_bars":2,"byg:rocky_stone":2,"minecraft:stone":40,"minecraft:smoker":2,"minecraft:crafting_table":4,"minecraft:torch":7,"minecraft:blast_furnace":3,"minecraft:tall_grass":11,"minecraft:sugar_cane":1,"minecraft:wall_torch":3,"aoa3:limonite_ore":2,"byg:scoria_stone":2,"minecraft:sweet_berry_bush":12,"minecraft:spruce_log":35,"quark:deepslate":5,"minecraft:grass":39,"minecraft:coal_ore":65,"vampirism:fire_place":1,"quark:monster_box":1,"aoa3:jade_ore":3,"minecraft:dirt":5,"minecraft:cobweb":1,"minecraft:gold_ore":5},"minecraft:crafted":{"aoa3:amethyst_sword":1,"usefulbackpacks:backpack_small":1,"minecraft:furnace":1,"minecraft:cooked_mutton":3,"aoa3:cooked_charger_shank":1,"minecraft:glass":0,"minecraft:iron_boots":1,"minecraft:leather":4,"minecraft:iron_axe":1,"minecraft:stone_pickaxe":1,"usefulbackpacks:backpack_medium":1,"quark:spruce_chest":4,"minecraft:smoker":1,"minecraft:cooked_beef":13,"minecraft:cooked_porkchop":3,"minecraft:crafting_table":2,"minecraft:spruce_planks":100,"minecraft:wooden_pickaxe":1,"minecraft:iron_helmet":1,"minecraft:iron_sword":1,"minecraft:stone_axe":1,"aoa3:amethyst_pickaxe":1,"minecraft:air":0,"minecraft:white_wool":3,"minecraft:stick":44,"minecraft:iron_ingot":60,"minecraft:iron_block":1,"minecraft:gold_ingot":10,"minecraft:iron_leggings":1,"minecraft:torch":88,"minecraft:shears":2},"minecraft:used":{"minecraft:iron_bars":2,"minecraft:enchanting_table":1,"minecraft:stone_sword":59,"quark:cobbled_deepslate":1,"ars_nouveau:mana_berry":4,"minecraft:iron_sword":3,"minecraft:torch":77,"minecraft:dirt":1,"minecraft:anvil":1,"minecraft:skeleton_spawn_egg":1,"aoa3:amethyst_pickaxe":115,"quark:spruce_chest":2,"aoa3:amethyst_sword":198,"minecraft:iron_axe":1,"minecraft:bamboo":3,"minecraft:sweet_berries":45,"minecraft:furnace":1,"tombstone:gift":2,"minecraft:cooked_beef":5,"minecraft:water_bucket":30,"minecraft:stone_pickaxe":39,"minecraft:wooden_pickaxe":3,"byg:rocky_stone":2,"minecraft:crafting_table":4,"minecraft:blast_furnace":3,"minecraft:smoker":3,"aoa3:limonite_ore":2,"minecraft:bread":1,"minecraft:iron_pickaxe":56,"minecraft:stone_axe":18,"minecraft:cooked_porkchop":5,"byg:scoria_cobblestone":1,"minecraft:bucket":31},"minecraft:dropped":{"minecraft:enchanted_book":1,"minecraft:iron_sword":1,"minecraft:wheat_seeds":1,"minecraft:diamond":2,"evilcraft:dark_gem":28,"minecraft:iron_horse_armor":1,"minecraft:dirt":1,"ars_nouveau:worn_notebook":1,"tconstruct:materials_and_you":1,"quark:cobbled_deepslate":2,"alexsmobs:centipede_leg":1,"minecraft:creeper_head":1,"born_in_chaos_v1:fire_dust":1,"alexsmobs:animal_dictionary":1,"born_in_chaos_v1:ethereal_spirit":1,"tombstone:gift":1,"minecraft:rotten_flesh":8,"minecraft:name_tag":2,"minecraft:skeleton_spawn_egg":2,"minecraft:shears":3,"minecraft:diamond_chestplate":1,"minecraft:spider_eye":4,"aoa3:jade":3,"minecraft:slime_ball":6,"astralsorcery:tome":1,"minecraft:glass":4,"minecraft:wooden_pickaxe":1,"minecraft:stone_pickaxe":1,"minecraft:crying_obsidian":3,"minecraft:enchanting_table":1},"minecraft:custom":{"minecraft:interact_with_smithing_table":1,"minecraft:mob_kills":68,"minecraft:animals_bred":2,"minecraft:interact_with_crafting_table":23,"minecraft:open_barrel":9,"minecraft:leave_game":2,"minecraft:time_since_death":60586,"minecraft:climb_one_cm":84,"minecraft:sprint_one_cm":206807,"minecraft:walk_one_cm":241202,"minecraft:drop":43,"minecraft:talked_to_villager":2,"minecraft:deaths":7,"minecraft:sneak_time":1129,"minecraft:walk_under_water_one_cm":2375,"minecraft:jump":1243,"minecraft:interact_with_blast_furnace":9,"minecraft:walk_on_water_one_cm":20697,"minecraft:interact_with_furnace":19,"tombstone:raider_killed":4,"minecraft:play_one_minute":88228,"minecraft:sleep_in_bed":2,"minecraft:time_since_rest":2960,"minecraft:damage_taken":2729,"minecraft:trigger_trapped_chest":1,"minecraft:damage_dealt":16326,"minecraft:fly_one_cm":238524,"minecraft:open_chest":101,"minecraft:crouch_one_cm":2964,"tombstone:undead_killed":26,"minecraft:interact_with_smoker":11,"minecraft:fall_one_cm":35795}},"DataVersion":2586}