{"stats":{"minecraft:picked_up":{"minecraft:crafting_table":1,"minecraft:iron_chestplate":4,"minecraft:wheat":31,"minecraft:oak_log":6,"minecraft:white_bed":3,"minecraft:spruce_log":2,"minecraft:dirt":5,"minecraft:iron_leggings":4,"minecraft:armor_stand":4,"minecraft:bow":1,"minecraft:wheat_seeds":52,"minecraft:hay_block":39,"minecraft:iron_helmet":4,"minecraft:oak_planks":1,"byg:rocky_stone":8,"minecraft:iron_boots":4,"minecraft:egg":1},"minecraft:mined":{"minecraft:hay_block":39,"minecraft:white_bed":3,"minecraft:wheat":3,"minecraft:spruce_log":2,"minecraft:crafting_table":1,"minecraft:grass":7,"minecraft:grass_block":5,"minecraft:oak_log":6,"byg:rocky_stone":8,"minecraft:oak_planks":1},"minecraft:crafted":{"minecraft:oak_planks":24,"minecraft:stone_shovel":1,"minecraft:crafting_table":1,"minecraft:spruce_planks":8,"minecraft:stick":8,"quark:oak_chest":2,"minecraft:wooden_pickaxe":1,"minecraft:stone_pickaxe":1,"minecraft:bread":64,"minecraft:wheat":216},"minecraft:used":{"minecraft:wheat_seeds":3,"minecraft:armor_stand":1,"minecraft:bread":2,"minecraft:stone_pickaxe":5,"minecraft:oak_planks":1,"minecraft:wooden_pickaxe":3,"minecraft:dirt":2,"minecraft:crafting_table":1,"quark:oak_chest":2,"minecraft:white_bed":2},"minecraft:custom":{"minecraft:time_since_rest":1676,"minecraft:sprint_one_cm":26392,"minecraft:walk_one_cm":36130,"minecraft:drop":6,"minecraft:damage_dealt":0,"minecraft:talked_to_villager":2,"minecraft:interact_with_crafting_table":7,"minecraft:fly_one_cm":63817,"minecraft:open_chest":5,"minecraft:crouch_one_cm":1173,"minecraft:play_one_minute":12411,"minecraft:sneak_time":323,"minecraft:jump":270,"minecraft:leave_game":1,"minecraft:walk_on_water_one_cm":34,"minecraft:time_since_death":12411,"minecraft:sleep_in_bed":1,"minecraft:climb_one_cm":359,"minecraft:fall_one_cm":5668},"minecraft:dropped":{"minecraft:bread":32,"minecraft:iron_chestplate":1,"minecraft:iron_helmet":1,"minecraft:iron_leggings":1,"minecraft:iron_boots":1,"minecraft:white_bed":1}},"DataVersion":2586}