{"stats":{"minecraft:picked_up":{"minecraft:crafting_table":1,"regions_unexplored:silt_dirt":16,"minecraft:red_mushroom":1,"minecraft:oak_log":24,"regions_unexplored:tassel":1,"minecraft:stone_sword":1,"minecraft:arrow":3,"minecraft:bone":3,"minecraft:apple":2,"minecraft:hay_block":20,"fishofthieves:earthworms":2,"minecraft:oak_sapling":7,"twigs:twig":4,"minecraft:mutton":1,"minecraft:white_wool":3,"minecraft:cobblestone":17},"minecraft:crafted":{"minecraft:oak_planks":48,"minecraft:crafting_table":1,"minecraft:stick":28,"minecraft:wooden_pickaxe":1,"minecraft:stone_pickaxe":1,"minecraft:chest":2,"minecraft:stone_axe":1},"minecraft:used":{"minecraft:stone_sword":45,"minecraft:bread":4,"minecraft:stone_pickaxe":14,"minecraft:chest":2,"minecraft:wooden_pickaxe":3,"minecraft:stone_axe":1,"minecraft:white_wool":2,"minecraft:hay_block":1,"minecraft:crafting_table":1},"minecraft:mined":{"minecraft:hay_block":21,"treechop:chopped_log":1,"minecraft:crafting_table":1,"minecraft:grass":6,"regions_unexplored:silt_dirt":9,"regions_unexplored:medium_grass":5,"minecraft:stone":17,"minecraft:white_wool":2,"regions_unexplored:silt_grass_block":7,"regions_unexplored:tassel":1},"minecraft:custom":{"minecraft:time_since_rest":891,"lootr:looted_stat":5,"minecraft:sprint_one_cm":23604,"minecraft:damage_taken":508,"minecraft:walk_one_cm":31083,"minecraft:mob_kills":4,"minecraft:drop":1,"minecraft:damage_dealt":538,"minecraft:interact_with_crafting_table":4,"minecraft:fly_one_cm":20596,"minecraft:open_chest":1,"minecraft:crouch_one_cm":407,"minecraft:play_time":15091,"minecraft:sneak_time":152,"minecraft:jump":127,"minecraft:damage_dealt_resisted":0,"minecraft:time_since_death":15091,"minecraft:sleep_in_bed":2,"minecraft:climb_one_cm":1375,"minecraft:total_world_time":15091,"minecraft:hex":0,"minecraft:inspect_dispenser":2,"minecraft:fall_one_cm":2216},"minecraft:dropped":{"minecraft:stone_sword":1},"minecraft:killed":{"minecraft:sheep":1,"minecraft:skeleton":2,"mythicmobs:mushroom_thing":1}},"DataVersion":3465}