{"stats":{"minecraft:picked_up":{"minecraft:iron_chestplate":2,"minecraft:wheat":92,"minecraft:creeper_head":1,"minecraft:lead":2,"minecraft:potion":2,"minecraft:enchanted_book":8,"born_in_chaos_v1:black_argillite":26,"minecraft:string":23,"ars_nouveau:mana_gem":2,"minecraft:iron_pickaxe":1,"quark:root_item":2,"evilcraft:blood_extractor":1,"minecraft:furnace":1,"minecraft:tipped_arrow":2,"minecraft:golden_helmet":1,"minecraft:stick":11,"born_in_chaos_v1:shattered_skull":2,"minecraft:torch":41,"minecraft:porkchop":5,"tombstone:grave_dust":8,"byg:cattail":2,"alexsmobs:centipede_leg":1,"minecraft:rotten_flesh":45,"ars_nouveau:worn_notebook":1,"artifacts:panic_necklace":1,"minecraft:iron_bars":10,"byg:blue_spruce_sapling":5,"minecraft:cobblestone":105,"evilcraft:vengeance_pickaxe":1,"minecraft:enchanting_table":1,"minecraft:leather_chestplate":1,"minecraft:golden_leggings":1,"minecraft:smoker":2,"randomloot:pickaxe":2,"minecraft:dirt":27,"minecraft:name_tag":2,"born_in_chaos_v1:monster_skin":3,"minecraft:leather_boots":5,"minecraft:bone":52,"minecraft:bow":2,"minecraft:wheat_seeds":168,"randomloot:shovel":1,"minecraft:diamond_helmet":1,"randomloot:golden_case":1,"minecraft:cooked_porkchop":5,"minecraft:dark_oak_log":78,"minecraft:mossy_cobblestone":1,"quark:cobbled_deepslate":237,"minecraft:skeleton_spawn_egg":2,"minecraft:sugar":2,"born_in_chaos_v1:fire_dust":1,"minecraft:diamond":21,"minecraft:golden_apple":6,"minecraft:bread":7,"minecraft:oak_sapling":9,"minecraft:crafting_table":5,"aoa3:copper_coin":10,"born_in_chaos_v1:seedof_chaos":2,"minecraft:leather_leggings":2,"minecraft:wooden_pickaxe":1,"aoa3:carved_rune_of_space":1,"aoa3:limonite_ore":2,"aoa3:jade":12,"minecraft:cracked_stone_bricks":1,"usefulbackpacks:backpack_small":1,"minecraft:beef":16,"minecraft:sugar_cane":19,"minecraft:phantom_membrane":5,"minecraft:dark_oak_sapling":7,"born_in_chaos_v1:pieceofdarkmetal":3,"minecraft:redstone":18,"minecraft:iron_horse_armor":1,"minecraft:arrow":30,"minecraft:stone_shovel":1,"born_in_chaos_v1:diamond_thermite_shard":33,"aoa3:amethyst":11,"quark:smooth_basalt":9,"minecraft:shears":2,"artifacts:running_shoes":1,"minecraft:gold_ingot":5,"minecraft:mutton":5,"minecraft:bone_block":14,"byg:rocky_stone":3,"minecraft:white_wool":29,"minecraft:leather":11,"minecraft:oak_log":14,"astralsorcery:aquamarine":3,"tombstone:gift":2,"minecraft:white_banner":1,"byg:meadow_dirt":3,"byg:scoria_cobblestone":3,"minecraft:apple":1,"minecraft:iron_ingot":1,"minecraft:iron_ore":33,"minecraft:sweet_berries":69,"vampirism:fire_place":1,"born_in_chaos_v1:ethereal_spirit":6,"minecraft:gravel":2,"minecraft:spruce_sapling":13,"minecraft:blast_furnace":3,"minecraft:spruce_log":35,"minecraft:gold_ore":28,"minecraft:crying_obsidian":3,"minecraft:spider_eye":8,"usefulbackpacks:backpack_large":2,"minecraft:leather_helmet":1,"evilcraft:dark_tank":1,"randomloot:basic_case":2,"minecraft:slime_ball":6,"evilcraft:dark_gem":46,"tombstone:magic_scroll":1,"minecraft:coal":132},"minecraft:killed":{"minecraft:cave_spider":3,"minecraft:witch":3,"born_in_chaos_v1:restless_spirit":16,"minecraft:spider":16,"minecraft:skeleton":26,"aoa3:ghost":1,"born_in_chaos_v1:skeleton_thrasher":1,"minecraft:silverfish":2,"alexsmobs:centipede_head":1,"artifacts:mimic":2,"born_in_chaos_v1:bonescaller":1,"minecraft:pig":2,"minecraft:creeper":1,"minecraft:sheep":4,"minecraft:pillager":3,"minecraft:zombie":48,"aoa3:goblin":1,"born_in_chaos_v1:dread_hound":3,"born_in_chaos_v1:diamond_thermite":13,"minecraft:stray":9,"minecraft:cow":8,"aoa3:trickster_clone":15,"majruszs_difficulty:creeperling":2,"aoa3:night_reaper":1,"born_in_chaos_v1:skeleton_bomb":1,"aoa3:cyclops":2,"aoa3:void_walker":1,"born_in_chaos_v1:decrepit_skeleton":4,"aoa3:bugeye":3,"born_in_chaos_v1:dark_vortex":1},"minecraft:killed_by":{"aoa3:ghost":2,"minecraft:pillager":1,"minecraft:zombie":3,"minecraft:player":1,"ars_nouveau:wilden_stalker":1,"aoa3:goalby":1},"minecraft:mined":{"minecraft:oak_sapling":1,"byg:cattail":2,"minecraft:grass_block":19,"minecraft:infested_cobblestone":2,"minecraft:spawner":27,"minecraft:magma_block":1,"minecraft:iron_ore":29,"byg:prairie_grass":1,"minecraft:nether_brick_stairs":2,"minecraft:enchanting_table":1,"minecraft:iron_bars":10,"minecraft:smoker":2,"minecraft:torch":8,"minecraft:blast_furnace":3,"minecraft:cobblestone":1,"minecraft:sugar_cane":8,"minecraft:wall_torch":3,"aoa3:limonite_ore":2,"minecraft:wheat":3,"byg:meadow_grass_block":3,"minecraft:grass":91,"minecraft:oak_log":14,"minecraft:dirt":9,"aoa3:rosite_ore":1,"minecraft:netherrack":1,"minecraft:oak_leaves":164,"minecraft:diamond_ore":23,"minecraft:crying_obsidian":3,"minecraft:mossy_cobblestone":1,"minecraft:dark_oak_leaves":191,"evilcraft:dark_tank":1,"minecraft:dark_oak_log":78,"born_in_chaos_v1:infected_diamond_ore":7,"minecraft:nether_bricks":1,"byg:blue_spruce_leaves":171,"born_in_chaos_v1:black_argillite":44,"minecraft:spruce_leaves":198,"minecraft:redstone_ore":5,"minecraft:furnace":1,"aoa3:amethyst_ore":11,"treechop:chopped_log":61,"evilcraft:dark_ore":10,"quark:smooth_basalt":18,"minecraft:vine":4,"byg:rocky_stone":26,"minecraft:stone":125,"minecraft:crafting_table":5,"minecraft:tall_grass":15,"minecraft:lapis_ore":2,"byg:scoria_stone":6,"minecraft:sweet_berry_bush":12,"minecraft:spruce_log":35,"byg:short_grass":2,"quark:deepslate":624,"astralsorcery:marble_raw":6,"minecraft:coal_ore":100,"quark:monster_box":1,"vampirism:fire_place":1,"minecraft:gravel":3,"aoa3:jade_ore":8,"minecraft:cobweb":1,"minecraft:cracked_stone_bricks":1,"astralsorcery:aquamarine_sand_ore":1,"ars_nouveau:arcane_ore":2,"minecraft:gold_ore":7},"minecraft:crafted":{"usefulbackpacks:backpack_small":2,"minecraft:cooked_mutton":3,"minecraft:glass":0,"minecraft:diamond_helmet":1,"minecraft:diamond_leggings":1,"minecraft:iron_boots":1,"minecraft:smoker":1,"minecraft:cooked_porkchop":3,"minecraft:crafting_table":3,"minecraft:spruce_planks":104,"minecraft:wooden_pickaxe":1,"minecraft:iron_helmet":1,"aoa3:amethyst_shovel":1,"minecraft:stick":44,"usefulbackpacks:backpack_large":1,"minecraft:iron_ingot":60,"minecraft:iron_block":3,"minecraft:gold_ingot":10,"minecraft:shears":2,"aoa3:amethyst_sword":1,"minecraft:diamond_hoe":1,"aoa3:amethyst_axe":1,"minecraft:furnace":1,"aoa3:cooked_charger_shank":1,"evilcraft:dark_block":2,"minecraft:leather":6,"minecraft:iron_axe":1,"minecraft:stone_pickaxe":1,"usefulbackpacks:backpack_medium":2,"quark:spruce_chest":5,"minecraft:cooked_beef":13,"evilcraft:dark_tank":5,"minecraft:iron_sword":1,"minecraft:stone_axe":1,"aoa3:amethyst_pickaxe":1,"minecraft:air":0,"minecraft:white_wool":3,"minecraft:iron_leggings":1,"minecraft:torch":136},"minecraft:used":{"quark:cobbled_deepslate":1,"ars_nouveau:mana_berry":4,"minecraft:iron_sword":3,"randomloot:shovel":2,"minecraft:skeleton_spawn_egg":1,"aoa3:amethyst_axe":52,"minecraft:milk_bucket":1,"aoa3:amethyst_sword":362,"minecraft:bow":2,"minecraft:sweet_berries":45,"minecraft:furnace":1,"minecraft:oak_sapling":3,"minecraft:stone_pickaxe":39,"minecraft:wooden_pickaxe":3,"minecraft:golden_apple":2,"randomloot:pickaxe":44,"minecraft:blast_furnace":3,"minecraft:bread":10,"minecraft:diamond_sword":213,"minecraft:enchanting_table":1,"minecraft:iron_bars":4,"minecraft:stone_sword":59,"minecraft:torch":185,"minecraft:dirt":3,"minecraft:anvil":1,"aoa3:amethyst_pickaxe":193,"quark:spruce_chest":3,"minecraft:iron_axe":1,"minecraft:bamboo":3,"tombstone:gift":2,"minecraft:cooked_beef":16,"minecraft:wheat_seeds":7,"minecraft:water_bucket":49,"byg:rocky_stone":3,"minecraft:crafting_table":6,"minecraft:smoker":3,"aoa3:limonite_ore":2,"minecraft:iron_pickaxe":56,"aoa3:amethyst_shovel":21,"minecraft:stone_axe":18,"minecraft:cobblestone":11,"evilcraft:dark_tank":1,"minecraft:cooked_porkchop":5,"byg:scoria_cobblestone":1,"minecraft:bucket":49},"minecraft:dropped":{"minecraft:iron_sword":1,"minecraft:lapis_lazuli":7,"minecraft:diamond":2,"aoa3:amethyst_sword":1,"minecraft:leather":4,"minecraft:iron_horse_armor":1,"aoa3:copper_coin":2,"randomloot:basic_case":1,"minecraft:dirt":1,"tconstruct:materials_and_you":1,"quark:cobbled_deepslate":87,"usefulbackpacks:backpack_small":1,"minecraft:phantom_membrane":1,"byg:scoria_cobblestone":1,"minecraft:white_wool":4,"minecraft:bone":23,"minecraft:gravel":2,"alexsmobs:centipede_leg":1,"usefulbackpacks:backpack_large":2,"born_in_chaos_v1:fire_dust":1,"alexsmobs:animal_dictionary":1,"born_in_chaos_v1:ethereal_spirit":2,"tombstone:gift":1,"minecraft:rotten_flesh":28,"minecraft:carrot":7,"minecraft:tipped_arrow":1,"born_in_chaos_v1:seedof_chaos":2,"minecraft:leather_boots":3,"minecraft:leather_leggings":2,"aoa3:jade":3,"minecraft:iron_ore":3,"minecraft:iron_bars":4,"minecraft:glass":4,"minecraft:crying_obsidian":3,"randomloot:shovel":1,"minecraft:enchanting_table":1,"minecraft:enchanted_book":1,"minecraft:iron_ingot":38,"usefulbackpacks:backpack_medium":1,"minecraft:wheat_seeds":12,"minecraft:golden_helmet":1,"evilcraft:dark_gem":28,"aoa3:amethyst":1,"minecraft:coal":4,"minecraft:golden_apple":4,"ars_nouveau:mana_gem":2,"byg:cattail":2,"ars_nouveau:worn_notebook":1,"evilcraft:blood_extractor":1,"born_in_chaos_v1:black_argillite":26,"tombstone:magic_scroll":1,"minecraft:diamond_helmet":1,"tombstone:grave_dust":1,"minecraft:string":8,"minecraft:creeper_head":1,"evilcraft:dark_tank":1,"minecraft:name_tag":2,"minecraft:skeleton_spawn_egg":2,"minecraft:shears":3,"randomloot:pickaxe":2,"quark:smooth_basalt":9,"minecraft:diamond_chestplate":1,"minecraft:iron_chestplate":2,"minecraft:golden_leggings":1,"minecraft:spider_eye":5,"minecraft:slime_ball":6,"astralsorcery:tome":1,"minecraft:bow":1,"minecraft:stone_pickaxe":1,"minecraft:wooden_pickaxe":1},"minecraft:custom":{"minecraft:animals_bred":8,"minecraft:interact_with_crafting_table":36,"minecraft:open_barrel":11,"minecraft:leave_game":3,"minecraft:time_since_death":1877,"minecraft:sprint_one_cm":600138,"minecraft:drop":157,"minecraft:talked_to_villager":3,"minecraft:deaths":9,"minecraft:jump":1970,"minecraft:interact_with_brewingstand":1,"minecraft:walk_on_water_one_cm":45901,"minecraft:interact_with_furnace":25,"minecraft:play_one_minute":174941,"minecraft:sleep_in_bed":3,"minecraft:damage_dealt":39961,"minecraft:crouch_one_cm":6384,"tombstone:undead_killed":92,"minecraft:interact_with_smoker":11,"minecraft:interact_with_smithing_table":1,"minecraft:mob_kills":197,"minecraft:climb_one_cm":981,"minecraft:walk_one_cm":563869,"minecraft:sneak_time":2665,"minecraft:walk_under_water_one_cm":14886,"minecraft:interact_with_blast_furnace":9,"tombstone:raider_killed":6,"minecraft:time_since_rest":1787,"minecraft:damage_taken":5780,"minecraft:damage_absorbed":80,"minecraft:trigger_trapped_chest":1,"minecraft:fly_one_cm":366515,"minecraft:swim_one_cm":20405,"minecraft:open_chest":190,"minecraft:fall_one_cm":61996}},"DataVersion":2586}