{"stats":{"minecraft:picked_up":{"minecraft:crafting_table":1,"regions_unexplored:silt_dirt":16,"minecraft:red_mushroom":1,"minecraft:oak_log":24,"minecraft:dirt":4,"regions_unexplored:tassel":1,"regions_unexplored:aster":1,"minecraft:bone":3,"minecraft:blue_orchid":2,"minecraft:apple":2,"minecraft:wheat_seeds":1,"fishofthieves:earthworms":2,"twigs:twig":4,"minecraft:melon_slice":43,"minecraft:piston":1,"minecraft:spruce_trapdoor":1,"minecraft:book":3,"minecraft:torch":2,"minecraft:stone_sword":1,"minecraft:arrow":3,"minecraft:dispenser":1,"regions_unexplored:fireweed":4,"minecraft:hay_block":23,"minecraft:white_wool":5,"minecraft:oak_sapling":7,"minecraft:mutton":1,"minecraft:coal":6,"minecraft:rail":1,"minecraft:cobblestone":17},"minecraft:crafted":{"minecraft:oak_planks":68,"minecraft:crafting_table":1,"minecraft:wooden_pickaxe":1,"minecraft:iron_helmet":1,"minecraft:bucket":2,"minecraft:stone_axe":1,"indrev:hammer":1,"minecraft:iron_boots":1,"minecraft:iron_chestplate":1,"minecraft:iron_axe":1,"minecraft:stick":48,"minecraft:iron_pickaxe":1,"minecraft:stone_pickaxe":1,"minecraft:chest":3,"minecraft:iron_leggings":1,"minecraft:torch":24},"minecraft:used":{"regions_unexplored:silt_dirt":2,"minecraft:stone_sword":45,"minecraft:stone_pickaxe":22,"minecraft:chest":3,"minecraft:wooden_pickaxe":3,"minecraft:white_wool":4,"minecraft:torch":8,"minecraft:dirt":4,"minecraft:crafting_table":2,"minecraft:bread":7,"minecraft:stone_axe":12,"minecraft:hay_block":1},"minecraft:mined":{"minecraft:torch":1,"minecraft:crafting_table":1,"minecraft:spruce_trapdoor":1,"minecraft:grass_block":2,"minecraft:melon":9,"regions_unexplored:silt_dirt":9,"regions_unexplored:aster":1,"minecraft:wall_torch":1,"minecraft:hay_block":23,"treechop:chopped_log":1,"minecraft:grass":19,"minecraft:bookshelf":1,"minecraft:coal_ore":6,"minecraft:dirt":2,"regions_unexplored:medium_grass":8,"minecraft:stone":17,"minecraft:dispenser":1,"minecraft:blue_orchid":2,"regions_unexplored:silt_grass_block":7,"minecraft:white_wool":4,"minecraft:piston":1,"regions_unexplored:tassel":1,"regions_unexplored:fireweed":7},"minecraft:custom":{"lootr:looted_stat":7,"minecraft:mob_kills":4,"minecraft:interact_with_crafting_table":9,"minecraft:damage_dealt_resisted":0,"minecraft:time_since_death":27091,"minecraft:sleep_in_bed":3,"minecraft:climb_one_cm":2586,"minecraft:hex":0,"minecraft:time_since_rest":6587,"minecraft:sprint_one_cm":36236,"minecraft:damage_taken":508,"minecraft:walk_one_cm":51876,"minecraft:drop":6,"minecraft:damage_dealt":538,"minecraft:fly_one_cm":24738,"minecraft:open_chest":5,"minecraft:crouch_one_cm":614,"minecraft:play_time":27091,"minecraft:sneak_time":202,"minecraft:jump":156,"minecraft:total_world_time":27091,"minecraft:fall_one_cm":2425,"minecraft:inspect_dispenser":2},"minecraft:dropped":{"minecraft:piston":1,"minecraft:stone_sword":1,"regions_unexplored:tassel":1,"minecraft:dispenser":1,"minecraft:rose_bush":3,"minecraft:blue_orchid":3},"minecraft:killed":{"minecraft:sheep":1,"minecraft:skeleton":2,"mythicmobs:mushroom_thing":1}},"DataVersion":3465}