{"stats":{"minecraft:picked_up":{"techreborn:raw_tin":1,"minecraft:crafting_table":1,"regions_unexplored:silt_dirt":16,"minecraft:red_mushroom":1,"minecraft:oak_log":29,"bewitchment:elder_sapling":3,"minecraft:dirt":4,"regions_unexplored:tassel":1,"bewitchment:elder_log":4,"regions_unexplored:aster":1,"minecraft:bone":4,"minecraft:blue_orchid":2,"minecraft:apple":17,"minecraft:wheat_seeds":1,"fishofthieves:earthworms":2,"twigs:twig":9,"minecraft:melon_slice":43,"minecraft:piston":1,"minecraft:spruce_trapdoor":1,"minecraft:book":3,"minecraft:torch":3,"minecraft:stone_sword":1,"minecraft:arrow":5,"minecraft:dispenser":1,"regions_unexplored:fireweed":5,"minecraft:hay_block":23,"regions_unexplored:apple_oak_sapling":1,"minecraft:white_wool":5,"minecraft:oak_sapling":8,"minecraft:mutton":1,"minecraft:coal":17,"minecraft:rail":1,"minecraft:cobblestone":24},"minecraft:crafted":{"minecraft:oak_planks":84,"minecraft:crafting_table":1,"minecraft:wooden_pickaxe":1,"minecraft:iron_helmet":1,"minecraft:bucket":2,"minecraft:stone_axe":1,"mcdw:sword_katana":1,"minecraft:bread":51,"indrev:hammer":1,"minecraft:iron_boots":1,"minecraft:iron_chestplate":1,"minecraft:iron_axe":1,"minecraft:stick":52,"minecraft:iron_pickaxe":1,"minecraft:stone_pickaxe":1,"minecraft:chest":4,"minecraft:iron_leggings":1,"minecraft:torch":24,"minecraft:wheat":153},"minecraft:used":{"regions_unexplored:silt_dirt":2,"minecraft:stone_sword":55,"minecraft:stone_pickaxe":22,"minecraft:chest":4,"minecraft:wooden_pickaxe":3,"minecraft:white_wool":4,"minecraft:torch":14,"minecraft:dirt":4,"minecraft:crafting_table":2,"minecraft:lava_bucket":1,"minecraft:iron_axe":20,"minecraft:bread":8,"minecraft:iron_pickaxe":19,"minecraft:stone_axe":12,"minecraft:hay_block":1,"minecraft:bucket":3},"minecraft:mined":{"minecraft:torch":2,"minecraft:crafting_table":1,"minecraft:spruce_trapdoor":1,"minecraft:grass_block":2,"minecraft:melon":9,"regions_unexplored:silt_dirt":9,"regions_unexplored:aster":1,"minecraft:wall_torch":2,"techreborn:tin_ore":1,"minecraft:hay_block":23,"bewitchment:elder_leaves":4,"treechop:chopped_log":1,"minecraft:grass":19,"minecraft:bookshelf":1,"minecraft:oak_log":5,"minecraft:coal_ore":17,"bewitchment:elder_log":4,"minecraft:dirt":2,"regions_unexplored:apple_oak_leaves":1,"minecells:putrid_fence_gate":1,"regions_unexplored:medium_grass":8,"minecraft:stone":24,"minecraft:dispenser":1,"minecraft:blue_orchid":2,"regions_unexplored:silt_grass_block":7,"minecraft:white_wool":4,"minecraft:piston":1,"regions_unexplored:tassel":1,"regions_unexplored:fireweed":7},"minecraft:custom":{"lootr:looted_stat":7,"minecraft:mob_kills":5,"minecraft:interact_with_crafting_table":14,"minecraft:damage_dealt_resisted":0,"minecraft:time_since_death":39091,"minecraft:sleep_in_bed":3,"minecraft:climb_one_cm":2586,"minecraft:hex":0,"minecraft:time_since_rest":18587,"minecraft:sprint_one_cm":48849,"minecraft:damage_taken":590,"minecraft:walk_one_cm":61801,"minecraft:drop":7,"minecraft:damage_dealt":635,"minecraft:fly_one_cm":37843,"minecraft:open_chest":9,"minecraft:crouch_one_cm":966,"minecraft:play_time":39091,"minecraft:sneak_time":434,"minecraft:walk_under_water_one_cm":1824,"minecraft:jump":240,"minecraft:walk_on_water_one_cm":4218,"minecraft:total_world_time":39091,"minecraft:fall_one_cm":5735,"minecraft:inspect_dispenser":2},"minecraft:dropped":{"minecraft:piston":1,"minecraft:stone_sword":1,"regions_unexplored:tassel":1,"techreborn:raw_tin":1,"minecraft:dispenser":1,"minecraft:rose_bush":3,"minecraft:blue_orchid":3},"minecraft:killed":{"minecraft:sheep":1,"minecraft:skeleton":3,"mythicmobs:mushroom_thing":1}},"DataVersion":3465}