{"stats":{"minecraft:picked_up":{"minecraft:crafting_table":4,"aoa3:copper_coin":6,"minecraft:creeper_head":1,"minecraft:wooden_pickaxe":1,"aoa3:carved_rune_of_space":1,"minecraft:enchanted_book":6,"minecraft:potion":2,"aoa3:limonite_ore":2,"minecraft:string":22,"aoa3:jade":6,"ars_nouveau:mana_gem":2,"minecraft:cracked_stone_bricks":1,"quark:root_item":1,"minecraft:iron_pickaxe":1,"minecraft:sugar_cane":3,"evilcraft:blood_extractor":1,"minecraft:phantom_membrane":5,"minecraft:furnace":1,"minecraft:golden_helmet":1,"minecraft:tipped_arrow":2,"minecraft:stick":5,"minecraft:torch":37,"minecraft:porkchop":5,"tombstone:grave_dust":7,"minecraft:redstone":5,"alexsmobs:centipede_leg":1,"minecraft:iron_horse_armor":1,"minecraft:arrow":19,"minecraft:stone_shovel":1,"minecraft:rotten_flesh":32,"aoa3:amethyst":9,"ars_nouveau:worn_notebook":1,"minecraft:shears":2,"artifacts:running_shoes":1,"minecraft:gold_ingot":5,"artifacts:panic_necklace":1,"minecraft:iron_bars":10,"minecraft:mutton":1,"minecraft:cobblestone":42,"byg:blue_spruce_sapling":5,"minecraft:white_wool":13,"byg:rocky_stone":3,"minecraft:bone_block":14,"minecraft:enchanting_table":1,"minecraft:leather_chestplate":1,"minecraft:smoker":2,"minecraft:dirt":10,"tombstone:gift":2,"minecraft:name_tag":2,"born_in_chaos_v1:monster_skin":2,"minecraft:leather_boots":4,"minecraft:bone":22,"byg:scoria_cobblestone":2,"minecraft:bow":2,"minecraft:wheat_seeds":6,"minecraft:iron_ingot":1,"minecraft:iron_ore":30,"minecraft:diamond_helmet":1,"randomloot:golden_case":1,"minecraft:cooked_porkchop":5,"minecraft:sweet_berries":69,"vampirism:fire_place":1,"born_in_chaos_v1:ethereal_spirit":6,"minecraft:spruce_sapling":13,"minecraft:blast_furnace":3,"minecraft:leather_helmet":1,"minecraft:spruce_log":35,"minecraft:gold_ore":28,"minecraft:crying_obsidian":3,"minecraft:spider_eye":7,"randomloot:basic_case":2,"minecraft:mossy_cobblestone":1,"evilcraft:dark_tank":1,"minecraft:skeleton_spawn_egg":2,"quark:cobbled_deepslate":3,"minecraft:sugar":2,"minecraft:slime_ball":6,"born_in_chaos_v1:fire_dust":1,"minecraft:diamond":21,"evilcraft:dark_gem":46,"minecraft:golden_apple":6,"minecraft:bread":7,"tombstone:magic_scroll":1,"minecraft:coal":117},"minecraft:killed":{"minecraft:cave_spider":3,"minecraft:witch":3,"born_in_chaos_v1:restless_spirit":15,"minecraft:spider":15,"minecraft:skeleton":15,"aoa3:ghost":1,"alexsmobs:centipede_head":1,"artifacts:mimic":2,"aoa3:trickster_clone":10,"majruszs_difficulty:creeperling":1,"minecraft:pig":2,"aoa3:night_reaper":1,"aoa3:cyclops":1,"born_in_chaos_v1:skeleton_bomb":1,"aoa3:void_walker":1,"minecraft:creeper":1,"born_in_chaos_v1:decrepit_skeleton":1,"aoa3:bugeye":2,"minecraft:sheep":1,"minecraft:pillager":1,"minecraft:zombie":40,"born_in_chaos_v1:dread_hound":2,"minecraft:stray":6,"born_in_chaos_v1:dark_vortex":1,"minecraft:cow":1},"minecraft:killed_by":{"aoa3:ghost":2,"minecraft:pillager":1,"ars_nouveau:wilden_stalker":1,"minecraft:zombie":3,"aoa3:goalby":1},"minecraft:mined":{"minecraft:diamond_ore":21,"minecraft:crying_obsidian":3,"minecraft:mossy_cobblestone":1,"evilcraft:dark_tank":1,"byg:blue_spruce_leaves":171,"minecraft:grass_block":5,"minecraft:spruce_leaves":198,"minecraft:spawner":22,"minecraft:furnace":1,"minecraft:iron_ore":25,"aoa3:amethyst_ore":9,"treechop:chopped_log":20,"evilcraft:dark_ore":10,"minecraft:nether_brick_stairs":2,"minecraft:enchanting_table":1,"quark:smooth_basalt":1,"minecraft:vine":4,"minecraft:iron_bars":10,"byg:rocky_stone":4,"minecraft:stone":43,"minecraft:smoker":2,"minecraft:crafting_table":4,"minecraft:torch":7,"minecraft:blast_furnace":3,"minecraft:tall_grass":11,"minecraft:cobblestone":1,"minecraft:sugar_cane":1,"minecraft:wall_torch":3,"aoa3:limonite_ore":2,"byg:scoria_stone":2,"minecraft:sweet_berry_bush":12,"minecraft:spruce_log":35,"quark:deepslate":5,"minecraft:grass":39,"minecraft:coal_ore":71,"vampirism:fire_place":1,"quark:monster_box":1,"aoa3:jade_ore":3,"minecraft:dirt":5,"minecraft:cobweb":1,"minecraft:cracked_stone_bricks":1,"ars_nouveau:arcane_ore":2,"minecraft:gold_ore":5},"minecraft:crafted":{"aoa3:amethyst_sword":1,"usefulbackpacks:backpack_small":1,"minecraft:furnace":1,"minecraft:cooked_mutton":3,"aoa3:cooked_charger_shank":1,"evilcraft:dark_block":2,"minecraft:glass":0,"minecraft:diamond_leggings":1,"minecraft:diamond_helmet":1,"minecraft:iron_boots":1,"minecraft:leather":4,"minecraft:iron_axe":1,"minecraft:stone_pickaxe":1,"usefulbackpacks:backpack_medium":1,"quark:spruce_chest":4,"minecraft:smoker":1,"minecraft:cooked_beef":13,"evilcraft:dark_tank":5,"minecraft:cooked_porkchop":3,"minecraft:crafting_table":2,"minecraft:spruce_planks":100,"minecraft:wooden_pickaxe":1,"minecraft:iron_helmet":1,"minecraft:iron_sword":1,"minecraft:stone_axe":1,"aoa3:amethyst_pickaxe":1,"minecraft:air":0,"minecraft:white_wool":3,"minecraft:stick":44,"minecraft:iron_ingot":60,"minecraft:iron_block":3,"minecraft:gold_ingot":10,"minecraft:iron_leggings":1,"minecraft:torch":136,"minecraft:shears":2},"minecraft:used":{"minecraft:iron_bars":4,"minecraft:enchanting_table":1,"minecraft:stone_sword":59,"quark:cobbled_deepslate":1,"ars_nouveau:mana_berry":4,"minecraft:iron_sword":3,"minecraft:torch":130,"minecraft:dirt":1,"minecraft:anvil":1,"minecraft:skeleton_spawn_egg":1,"aoa3:amethyst_pickaxe":162,"quark:spruce_chest":2,"aoa3:amethyst_sword":362,"minecraft:iron_axe":1,"minecraft:bamboo":3,"minecraft:bow":2,"minecraft:sweet_berries":45,"minecraft:furnace":1,"tombstone:gift":2,"minecraft:cooked_beef":10,"minecraft:water_bucket":32,"minecraft:stone_pickaxe":39,"minecraft:wooden_pickaxe":3,"byg:rocky_stone":3,"minecraft:golden_apple":1,"minecraft:crafting_table":4,"minecraft:blast_furnace":3,"minecraft:smoker":3,"aoa3:limonite_ore":2,"minecraft:bread":1,"minecraft:iron_pickaxe":56,"minecraft:diamond_sword":3,"minecraft:stone_axe":18,"evilcraft:dark_tank":1,"minecraft:cooked_porkchop":5,"byg:scoria_cobblestone":1,"minecraft:bucket":33},"minecraft:dropped":{"minecraft:enchanted_book":1,"minecraft:iron_sword":1,"minecraft:wheat_seeds":1,"minecraft:golden_helmet":1,"minecraft:diamond":2,"evilcraft:dark_gem":28,"minecraft:iron_horse_armor":1,"aoa3:copper_coin":2,"randomloot:basic_case":1,"ars_nouveau:mana_gem":2,"minecraft:dirt":1,"ars_nouveau:worn_notebook":1,"tconstruct:materials_and_you":1,"tombstone:magic_scroll":1,"quark:cobbled_deepslate":2,"minecraft:phantom_membrane":1,"minecraft:bone":5,"alexsmobs:centipede_leg":1,"minecraft:creeper_head":1,"born_in_chaos_v1:fire_dust":1,"alexsmobs:animal_dictionary":1,"born_in_chaos_v1:ethereal_spirit":1,"tombstone:gift":1,"minecraft:rotten_flesh":17,"minecraft:name_tag":2,"minecraft:skeleton_spawn_egg":2,"minecraft:shears":3,"minecraft:tipped_arrow":1,"minecraft:diamond_chestplate":1,"minecraft:bow":1,"minecraft:leather_boots":2,"minecraft:spider_eye":4,"aoa3:jade":3,"minecraft:slime_ball":6,"astralsorcery:tome":1,"minecraft:iron_bars":4,"minecraft:glass":4,"minecraft:wooden_pickaxe":1,"minecraft:stone_pickaxe":1,"minecraft:crying_obsidian":3,"minecraft:enchanting_table":1},"minecraft:custom":{"minecraft:interact_with_smithing_table":1,"minecraft:mob_kills":128,"minecraft:animals_bred":2,"minecraft:interact_with_crafting_table":28,"minecraft:open_barrel":9,"minecraft:leave_game":2,"minecraft:time_since_death":9696,"minecraft:climb_one_cm":84,"minecraft:sprint_one_cm":257260,"minecraft:walk_one_cm":335666,"minecraft:drop":67,"minecraft:talked_to_villager":2,"minecraft:deaths":8,"minecraft:sneak_time":1640,"minecraft:walk_under_water_one_cm":3153,"minecraft:jump":1320,"minecraft:interact_with_blast_furnace":9,"minecraft:walk_on_water_one_cm":21437,"minecraft:interact_with_furnace":20,"tombstone:raider_killed":4,"minecraft:play_one_minute":112228,"minecraft:sleep_in_bed":2,"minecraft:time_since_rest":9577,"minecraft:damage_taken":3904,"minecraft:damage_absorbed":40,"minecraft:trigger_trapped_chest":1,"minecraft:damage_dealt":28160,"minecraft:fly_one_cm":245836,"minecraft:open_chest":155,"minecraft:crouch_one_cm":4041,"tombstone:undead_killed":65,"minecraft:interact_with_smoker":11,"minecraft:fall_one_cm":38000}},"DataVersion":2586}