{"stats":{"minecraft:mined":{"minecraft:diamond_ore":13,"minecraft:iron_ore":1,"minecraft:sweet_berry_bush":6,"minecraft:spruce_log":35,"treechop:chopped_log":20,"quark:deepslate":2,"minecraft:crafting_table":1,"minecraft:blast_furnace":1,"minecraft:grass":1,"byg:blue_spruce_leaves":171,"minecraft:grass_block":1,"minecraft:coal_ore":22,"minecraft:vine":1,"vampirism:fire_place":1,"minecraft:spruce_leaves":198,"minecraft:stone":17,"minecraft:wall_torch":1,"minecraft:spawner":1},"minecraft:used":{"minecraft:water_bucket":5,"minecraft:stone_sword":1,"minecraft:stone_pickaxe":39,"minecraft:iron_pickaxe":18,"ars_nouveau:mana_berry":2,"minecraft:wooden_pickaxe":3,"minecraft:stone_axe":15,"minecraft:torch":9,"minecraft:sweet_berries":1,"minecraft:crafting_table":1,"minecraft:bucket":6},"minecraft:dropped":{"minecraft:wheat_seeds":1,"quark:cobbled_deepslate":2,"minecraft:wooden_pickaxe":1},"minecraft:picked_up":{"minecraft:stick":5,"minecraft:crafting_table":1,"minecraft:sweet_berries":28,"vampirism:fire_place":1,"minecraft:torch":1,"minecraft:wooden_pickaxe":1,"minecraft:spruce_sapling":13,"minecraft:blast_furnace":1,"minecraft:spruce_log":35,"minecraft:dirt":1,"quark:cobbled_deepslate":2,"minecraft:bone":2,"minecraft:diamond":13,"minecraft:wheat_seeds":1,"ars_nouveau:worn_notebook":1,"minecraft:iron_ore":1,"minecraft:iron_pickaxe":1,"minecraft:coal":22,"byg:blue_spruce_sapling":5,"minecraft:cobblestone":17},"minecraft:crafted":{"minecraft:crafting_table":1,"minecraft:spruce_planks":72,"minecraft:stick":16,"minecraft:wooden_pickaxe":1,"minecraft:stone_pickaxe":1,"minecraft:torch":32,"minecraft:stone_axe":1},"minecraft:killed_by":{"aoa3:goalby":1,"minecraft:pillager":1},"minecraft:custom":{"minecraft:time_since_rest":1345,"minecraft:sprint_one_cm":49392,"minecraft:damage_taken":240,"minecraft:walk_one_cm":29716,"minecraft:drop":3,"minecraft:damage_dealt":130,"minecraft:interact_with_crafting_table":3,"minecraft:talked_to_villager":1,"minecraft:fly_one_cm":52826,"minecraft:open_barrel":2,"minecraft:open_chest":16,"minecraft:crouch_one_cm":805,"minecraft:play_one_minute":20349,"minecraft:deaths":2,"minecraft:sneak_time":349,"minecraft:walk_under_water_one_cm":611,"minecraft:jump":293,"minecraft:interact_with_blast_furnace":1,"minecraft:time_since_death":1566,"minecraft:leave_game":1,"minecraft:walk_on_water_one_cm":5263,"minecraft:fall_one_cm":6870}},"DataVersion":2586}