{"stats":{"minecraft:picked_up":{"graveyard:corruption":1,"minecraft:apple":10,"regions_unexplored:fireweed":2,"minecraft:oak_sapling":1,"twigs:twig":2,"regions_unexplored:orange_maple_leaf_pile":4,"minecraft:cobblestone":8},"minecraft:used":{"minecraft:apple":4,"minecraft:bread":8,"minecraft:stone_pickaxe":8,"simplyswords:iron_glaive":36},"minecraft:mined":{"regions_unexplored:apple_oak_leaves":1,"minecraft:stone":8},"minecraft:custom":{"minecraft:open_chest":1,"minecraft:time_since_rest":13866,"minecraft:crouch_one_cm":450,"minecraft:play_time":13866,"lootr:looted_stat":6,"minecraft:sprint_one_cm":55510,"minecraft:damage_taken":488,"minecraft:walk_one_cm":24824,"minecraft:walk_under_water_one_cm":84,"minecraft:sneak_time":227,"minecraft:mob_kills":5,"minecraft:damage_dealt_resisted":0,"minecraft:jump":326,"minecraft:damage_dealt":1109,"minecraft:leave_game":1,"minecraft:walk_on_water_one_cm":241,"minecraft:time_since_death":13866,"minecraft:total_world_time":13866,"minecraft:climb_one_cm":902,"minecraft:hex":0,"minecraft:swim_one_cm":6424,"minecraft:interact_with_crafting_table":1,"minecraft:fall_one_cm":11020,"minecraft:fly_one_cm":66307},"minecraft:killed":{"minecraft:skeleton":1,"minecraft:spider":1,"minecraft:zombie":2}},"DataVersion":3465}