{"stats":{"minecraft:picked_up":{"minecraft:crafting_table":1,"minecraft:oak_log":25,"minecraft:string":15,"minecraft:dirt":27,"minecraft:iron_axe":1,"minecraft:warped_fence":1,"minecraft:bone":4,"minecraft:apple":11,"minecraft:stone_bricks":1,"graveyard:corruption":1,"minecraft:gold_nugget":3,"minecraft:oak_boat":1,"twigs:twig":3,"minecraft:oak_planks":2,"regions_unexplored:orange_maple_leaf_pile":4,"minecraft:stick":3,"minecraft:arrow":7,"regions_unexplored:fireweed":2,"minecraft:hay_block":37,"minecraft:saddle":1,"minecraft:emerald":2,"minecraft:oak_sapling":7,"minecraft:cobblestone":17},"minecraft:crafted":{"minecraft:oak_planks":20,"minecraft:crafting_table":1,"minecraft:oak_boat":1,"minecraft:stick":6},"minecraft:used":{"minecraft:stone_pickaxe":25,"minecraft:stick":2,"minecraft:dirt":23,"minecraft:crafting_table":1,"minecraft:apple":8,"minecraft:iron_axe":29,"minecraft:bread":27,"minecraft:hay_block":3,"simplyswords:iron_glaive":184,"minecraft:oak_boat":1},"minecraft:custom":{"lootr:looted_stat":17,"minecraft:mob_kills":20,"minecraft:interact_with_crafting_table":3,"minecraft:damage_dealt_resisted":0,"minecraft:leave_game":2,"minecraft:time_since_death":35842,"minecraft:sleep_in_bed":1,"minecraft:climb_one_cm":2886,"minecraft:damage_resisted":0,"minecraft:hex":0,"minecraft:time_since_rest":33014,"minecraft:sprint_one_cm":163352,"minecraft:damage_taken":1742,"minecraft:walk_one_cm":80709,"minecraft:drop":5,"minecraft:damage_dealt":4337,"minecraft:swim_one_cm":43703,"minecraft:talked_to_villager":5,"minecraft:fly_one_cm":207230,"minecraft:open_chest":1,"minecraft:crouch_one_cm":7244,"minecraft:play_time":51268,"minecraft:deaths":1,"minecraft:sneak_time":2824,"minecraft:walk_under_water_one_cm":5634,"minecraft:boat_one_cm":87272,"minecraft:jump":1105,"minecraft:walk_on_water_one_cm":7012,"minecraft:total_world_time":51268,"minecraft:interact_with_smoker":1,"minecraft:fall_one_cm":35833,"minecraft:inspect_dispenser":1,"minecraft:horse_one_cm":50841},"minecraft:mined":{"minecraft:podzol":12,"minecraft:oak_slab":2,"minecraft:spruce_planks":2,"minecraft:warped_fence":1,"minecraft:crafting_table":1,"minecraft:grass_block":6,"minecraft:tall_grass":2,"minecraft:cobblestone":3,"minecraft:oak_planks":2,"minecraft:rooted_dirt":1,"minecraft:spawner":1,"minecraft:spruce_stairs":1,"minecraft:hay_block":40,"minecraft:coarse_dirt":2,"minecraft:packed_mud":1,"minecraft:stripped_spruce_wood":3,"treechop:chopped_log":2,"minecraft:dark_oak_stairs":3,"minecraft:grass":3,"supplementaries:stick":1,"minecraft:vine":1,"minecraft:dirt":10,"regions_unexplored:apple_oak_leaves":1,"minecraft:cobweb":12,"minecraft:stone":14,"minecraft:stone_bricks":3,"minecraft:oak_leaves":3,"minecraft:tripwire":1},"minecraft:dropped":{"regions_unexplored:fireweed":2,"minecraft:stone_sword":1,"minecraft:saddle":1,"minecraft:oak_sapling":7,"minecraft:stone_bricks":1},"minecraft:killed_by":{"minecraft:vindicator":1},"minecraft:killed":{"minecraft:vindicator":1,"minecraft:spider":2,"minecraft:creeper":1,"minecraft:skeleton":5,"minecraft:pillager":4,"minecraft:zombie":2,"minecraft:piglin_brute":4}},"DataVersion":3465}