{"stats":{"minecraft:picked_up":{"minecraft:crafting_table":1,"minecraft:stick":3,"minecraft:oak_log":25,"minecraft:dirt":8,"minecraft:string":2,"minecraft:iron_axe":1,"minecraft:bone":4,"minecraft:warped_fence":1,"minecraft:arrow":7,"minecraft:apple":11,"regions_unexplored:fireweed":2,"graveyard:corruption":1,"minecraft:gold_nugget":3,"minecraft:hay_block":37,"minecraft:emerald":2,"minecraft:oak_sapling":7,"twigs:twig":3,"regions_unexplored:orange_maple_leaf_pile":4,"minecraft:cobblestone":8},"minecraft:crafted":{"minecraft:oak_boat":1,"minecraft:oak_planks":20,"minecraft:crafting_table":1,"minecraft:stick":6},"minecraft:used":{"minecraft:apple":8,"minecraft:iron_axe":16,"minecraft:bread":20,"minecraft:stone_pickaxe":11,"minecraft:stick":2,"minecraft:dirt":2,"minecraft:hay_block":3,"minecraft:crafting_table":1,"minecraft:oak_boat":1,"simplyswords:iron_glaive":156},"minecraft:custom":{"minecraft:time_since_rest":19612,"lootr:looted_stat":12,"minecraft:sprint_one_cm":126207,"minecraft:damage_taken":1425,"minecraft:walk_one_cm":61154,"minecraft:mob_kills":20,"minecraft:drop":2,"minecraft:damage_dealt":4146,"minecraft:swim_one_cm":43703,"minecraft:interact_with_crafting_table":3,"minecraft:fly_one_cm":163413,"minecraft:open_chest":1,"minecraft:crouch_one_cm":5529,"minecraft:play_time":37866,"minecraft:deaths":1,"minecraft:sneak_time":2383,"minecraft:walk_under_water_one_cm":4758,"minecraft:boat_one_cm":80569,"minecraft:jump":771,"minecraft:damage_dealt_resisted":0,"minecraft:interact_with_smoker":1,"minecraft:leave_game":1,"minecraft:time_since_death":22440,"minecraft:walk_on_water_one_cm":6373,"minecraft:sleep_in_bed":1,"minecraft:damage_resisted":0,"minecraft:climb_one_cm":2608,"minecraft:total_world_time":37866,"minecraft:hex":0,"minecraft:fall_one_cm":24109},"minecraft:mined":{"minecraft:podzol":1,"minecraft:hay_block":40,"minecraft:warped_fence":1,"treechop:chopped_log":2,"minecraft:crafting_table":1,"supplementaries:stick":1,"minecraft:grass":2,"minecraft:grass_block":5,"minecraft:dirt":2,"regions_unexplored:apple_oak_leaves":1,"minecraft:tall_grass":2,"minecraft:stone":8,"minecraft:spawner":1},"minecraft:dropped":{"regions_unexplored:fireweed":2,"minecraft:oak_sapling":7},"minecraft:killed_by":{"minecraft:vindicator":1},"minecraft:killed":{"minecraft:skeleton":5,"minecraft:pillager":4,"minecraft:zombie":2,"minecraft:spider":2,"minecraft:vindicator":1,"minecraft:creeper":1,"minecraft:piglin_brute":4}},"DataVersion":3465}