{"stats":{"minecraft:picked_up":{"minecraft:string":2,"minecraft:bone":3,"minecraft:warped_fence":1,"minecraft:arrow":7,"minecraft:apple":10,"regions_unexplored:fireweed":2,"graveyard:corruption":1,"minecraft:gold_nugget":3,"minecraft:hay_block":36,"minecraft:emerald":2,"minecraft:oak_sapling":1,"twigs:twig":2,"regions_unexplored:orange_maple_leaf_pile":4,"minecraft:cobblestone":8},"minecraft:used":{"minecraft:apple":8,"minecraft:bread":14,"minecraft:stone_pickaxe":11,"minecraft:hay_block":2,"simplyswords:iron_glaive":148},"minecraft:mined":{"minecraft:hay_block":39,"minecraft:warped_fence":1,"minecraft:grass":2,"regions_unexplored:apple_oak_leaves":1,"minecraft:tall_grass":1,"minecraft:stone":8,"minecraft:spawner":1},"minecraft:custom":{"minecraft:time_since_rest":7612,"lootr:looted_stat":12,"minecraft:sprint_one_cm":84714,"minecraft:damage_taken":1260,"minecraft:walk_one_cm":50945,"minecraft:mob_kills":19,"minecraft:damage_dealt":3944,"minecraft:swim_one_cm":30046,"minecraft:interact_with_crafting_table":1,"minecraft:fly_one_cm":96684,"minecraft:open_chest":1,"minecraft:crouch_one_cm":5418,"minecraft:play_time":25866,"minecraft:deaths":1,"minecraft:sneak_time":2269,"minecraft:walk_under_water_one_cm":4734,"minecraft:jump":495,"minecraft:damage_dealt_resisted":0,"minecraft:interact_with_smoker":1,"minecraft:leave_game":1,"minecraft:time_since_death":10440,"minecraft:walk_on_water_one_cm":3995,"minecraft:sleep_in_bed":1,"minecraft:damage_resisted":0,"minecraft:climb_one_cm":2608,"minecraft:total_world_time":25866,"minecraft:hex":0,"minecraft:fall_one_cm":15270},"minecraft:killed_by":{"minecraft:vindicator":1},"minecraft:killed":{"minecraft:skeleton":5,"minecraft:pillager":4,"minecraft:zombie":2,"minecraft:spider":2,"minecraft:vindicator":1,"minecraft:piglin_brute":4}},"DataVersion":3465}