{"stats":{"minecraft:broken":{"spartanweaponry:battleaxe_iron":1,"minecraft:iron_chestplate":1,"spartanweaponry:scythe_iron":1,"minecraft:iron_helmet":1},"minecraft:mined":{"minecraft:diamond_ore":28,"minecraft:spruce_planks":6,"minecraft:dark_oak_fence":1,"minecraft:grass_block":2,"quark:indigo_crystal_cluster":1,"minecraft:spawner":11,"minecraft:hay_block":6,"quark:smooth_basalt":1,"minecraft:enchanting_table":1,"minecraft:bookshelf":20,"minecraft:iron_bars":4,"byg:rocky_stone":5,"minecraft:stone":59,"minecraft:spruce_slab":2,"minecraft:oak_slab":2,"byg:wilted_grass":1,"minecraft:crafting_table":5,"minecraft:chest":1,"minecraft:cobblestone":10,"minecraft:seagrass":1,"byg:scoria_stone":6,"minecraft:birch_leaves":18,"quark:deepslate":10,"minecraft:grass":7,"minecraft:oak_log":1,"quark:monster_box":6,"minecraft:sand":9,"minecraft:cracked_stone_bricks":1,"minecraft:polished_andesite":4,"minecraft:stone_bricks":2,"minecraft:mossy_stone_bricks":3,"minecraft:oak_leaves":1,"minecraft:emerald_block":1},"minecraft:custom":{"minecraft:interact_with_smithing_table":3,"minecraft:mob_kills":123,"minecraft:inspect_hopper":1,"minecraft:interact_with_crafting_table":23,"minecraft:open_barrel":25,"minecraft:leave_game":3,"minecraft:time_since_death":23252,"minecraft:climb_one_cm":14902,"minecraft:sprint_one_cm":548845,"minecraft:walk_one_cm":401989,"minecraft:drop":42,"minecraft:talked_to_villager":2,"minecraft:raid_win":1,"minecraft:deaths":7,"minecraft:sneak_time":7496,"minecraft:walk_under_water_one_cm":31926,"minecraft:jump":2310,"minecraft:interact_with_blast_furnace":1,"minecraft:walk_on_water_one_cm":44967,"minecraft:interact_with_furnace":20,"tombstone:raider_killed":10,"minecraft:play_one_minute":179014,"minecraft:sleep_in_bed":2,"minecraft:time_since_rest":23186,"minecraft:damage_taken":7226,"minecraft:damage_absorbed":125,"minecraft:damage_dealt":27509,"minecraft:swim_one_cm":30846,"minecraft:fly_one_cm":366437,"minecraft:open_chest":89,"minecraft:crouch_one_cm":20323,"tombstone:undead_killed":55,"minecraft:interact_with_smoker":1,"minecraft:fall_one_cm":57907},"minecraft:killed_by":{"minecraft:player":2,"minecraft:spider":1,"minecraft:pillager":1,"minecraft:skeleton":2},"minecraft:dropped":{"minecraft:bread":1,"spartanweaponry:greatsword_diamond":2,"byg:pine_sapling":3,"minecraft:glass_bottle":1,"iceandfire:frozen_dirt":1,"minecraft:feather":2,"minecraft:book":60,"byg:blue_spruce_sapling":1,"minecraft:coal":1,"minecraft:polished_andesite":4,"minecraft:dirt":1,"minecraft:torch":36,"minecraft:snowball":12,"tombstone:grave_dust":3,"minecraft:potion":1,"minecraft:iron_leggings":4,"minecraft:iron_pickaxe":2,"minecraft:string":32,"byg:scoria_cobblestone":1,"minecraft:stone_axe":1,"spartanweaponry:scythe_iron":1,"tombstone:gift":1,"tconstruct:sky_slime_sapling":1,"minecraft:rotten_flesh":4,"minecraft:iron_boots":1,"iceandfire:frozen_grass":1,"randomloot:pickaxe":1,"minecraft:leather_chestplate":1,"aoa3:medium_skill_crystal":2,"minecraft:spider_eye":5,"minecraft:diamond_boots":1,"minecraft:spruce_log":1,"minecraft:iron_bars":2,"minecraft:enchanting_table":1},"minecraft:killed":{"vampirism:vampire":3,"minecraft:cave_spider":6,"hordes:zombie_player":1,"aoa3:charger":2,"minecraft:spider":16,"minecraft:vindicator":2,"minecraft:phantom":1,"minecraft:horse":3,"minecraft:skeleton":17,"aoa3:shade":3,"aoa3:ghost":1,"minecraft:silverfish":11,"minecraft:drowned":7,"alexsmobs:centipede_head":1,"aoa3:night_reaper":3,"aoa3:mother_void_walker":2,"minecraft:creeper":4,"minecraft:sheep":3,"aoa3:bugeye":1,"minecraft:pillager":7,"aoa3:shadow":3,"minecraft:zombie":17,"minecraft:stray":2,"iceandfire:ice_dragon":2,"minecraft:cow":2},"minecraft:picked_up":{"minecraft:crafting_table":6,"minecraft:iron_chestplate":1,"minecraft:wheat":2,"aoa3:copper_coin":5,"aoa3:medium_skill_crystal":2,"minecraft:oak_stairs":1,"minecraft:potion":2,"minecraft:enchanted_book":6,"usefulbackpacks:backpack_medium":1,"iceandfire:frozen_grass":2,"minecraft:music_disc_cat":2,"artifacts:feral_claws":1,"minecraft:string":76,"minecraft:iron_leggings":4,"minecraft:experience_bottle":45,"minecraft:zombie_head":6,"minecraft:diamond_leggings":1,"minecraft:spruce_planks":5,"artifacts:aqua_dashers":1,"minecraft:ender_eye":1,"quark:root_item":2,"minecraft:iron_pickaxe":3,"minecraft:spruce_slab":2,"iceandfire:ice_dragon_heart":1,"minecraft:phantom_membrane":2,"minecraft:iron_boots":1,"minecraft:tipped_arrow":1,"minecraft:stick":13,"iceandfire:dragonbone":18,"minecraft:torch":36,"vampirism:holy_water_bottle_enhanced":2,"tombstone:grave_dust":9,"vampirism:vampire_fang":1,"spartanweaponry:spider_head":6,"minecraft:redstone":3,"iceandfire:dragon_skull_ice":1,"quark:ancient_tome":1,"byg:pine_sapling":4,"evilcraft:box_of_eternal_closure":1,"minecraft:arrow":11,"iceandfire:silver_ingot":1,"minecraft:rotten_flesh":9,"iceandfire:dragonscales_silver":41,"minecraft:hay_block":21,"minecraft:diamond_boots":2,"randomloot:heavy_chest":1,"artifacts:pocket_piston":2,"minecraft:gold_ingot":1,"evilcraft:condensed_blood":18,"minecraft:white_wool":3,"minecraft:iron_bars":5,"byg:blue_spruce_sapling":1,"minecraft:snowball":24,"minecraft:cobblestone":72,"minecraft:enchanting_table":1,"minecraft:leather_chestplate":1,"minecraft:feather":2,"minecraft:leather":6,"minecraft:filled_map":1,"evilcraft:flesh_humanoid":2,"minecraft:chainmail_chestplate":1,"minecraft:oak_log":14,"randomloot:pickaxe":2,"minecraft:gunpowder":6,"spartanweaponry:greatsword_diamond":3,"minecraft:dirt":1,"tombstone:gift":3,"minecraft:bone":19,"byg:scoria_cobblestone":2,"minecraft:iron_ingot":40,"minecraft:diamond_helmet":1,"tconstruct:sky_slime_sapling":1,"minecraft:honeycomb":11,"minecraft:oak_slab":4,"minecraft:book":120,"randomloot:golden_case":3,"spartanweaponry:scythe_iron":1,"minecraft:emerald_block":1,"minecraft:sand":9,"minecraft:spruce_log":1,"iceandfire:frozen_dirt":1,"minecraft:spider_eye":5,"quark:cobbled_deepslate":8,"minecraft:polished_andesite":4,"minecraft:slime_ball":7,"minecraft:diamond":75,"minecraft:iron_helmet":4,"minecraft:golden_apple":3,"minecraft:bread":24,"minecraft:emerald":16,"randomloot:titan_case":1,"tombstone:magic_scroll":4,"minecraft:dark_oak_fence":2,"minecraft:coal":13,"minecraft:ender_pearl":1},"minecraft:crafted":{"minecraft:oak_planks":8,"iceandfire:armor_silver_boots":1,"spartanweaponry:scythe_iron":1,"usefulbackpacks:backpack_small":1,"minecraft:glass":6,"minecraft:diamond_helmet":1,"minecraft:diamond_leggings":2,"minecraft:diamond_boots":1,"usefulbackpacks:backpack_medium":1,"minecraft:wheat":135,"minecraft:glass_bottle":6,"minecraft:emerald":9,"iceandfire:armor_silver_leggings":1,"spartanweaponry:pole":1,"minecraft:crafting_table":2,"spartanweaponry:handle":1,"minecraft:bread":45,"minecraft:air":0,"minecraft:white_wool":8,"minecraft:golden_apple":1,"minecraft:stick":8,"minecraft:iron_pickaxe":1,"spartanweaponry:greatsword_diamond":1,"iceandfire:armor_silver_helmet":1},"minecraft:used":{"minecraft:rose_bush":2,"minecraft:iron_bars":2,"iceandfire:dragon_skull_ice":1,"minecraft:iron_sword":9,"spartanweaponry:battleaxe_iron":201,"minecraft:rotten_flesh":1,"minecraft:torch":2,"iceandfire:frozen_grass":1,"minecraft:milk_bucket":1,"minecraft:bow":25,"tombstone:gift":3,"minecraft:cooked_beef":8,"minecraft:water_bucket":3,"minecraft:baked_potato":4,"minecraft:oak_planks":13,"minecraft:ender_pearl":4,"randomloot:pickaxe":4,"minecraft:golden_apple":6,"minecraft:crafting_table":7,"spartanweaponry:greatsword_diamond":84,"minecraft:zombie_head":1,"minecraft:bread":79,"minecraft:iron_pickaxe":166,"minecraft:stone_axe":7,"spartanweaponry:saber_iron":34,"minecraft:cobblestone":75,"minecraft:cooked_porkchop":2,"minecraft:bucket":3,"spartanweaponry:scythe_iron":255}},"DataVersion":2586}